source_id,root_label,logical_path,sha256,bytes,role
city_name_lookup,reviewer_repository,04_PROTOCOLS/frozen_inputs/AUXILIARY_UCDB_94_CITY_LOOKUP.csv,eb5ad2cf9e8aca1e593343030b2c724559b73e64f36603785703f966c204c2e6,6248,uc_id-to-city-name join; coordinates independently checked against frozen candidates
external_goes16_hourly_input,reviewer_repository,data/goes16_2019_2021_external_metric/goes_sunset_hourly.parquet,f7d3d9eef5955980a4ffecaa9d49fec53fa3f0ef66cb561c537d547b30d1fd8e,1864193,source-platform input for external calibration membership
candidate_external,reviewer_repository,data/goes17_2019_2021_external_metric/goes_sunset_cities.csv,a056556455efd4a18aa3fbadcde697d4361607cad85377406ae46c72837d85a7,10439,external 75-city candidate metadata
external_goes17_hourly_input,reviewer_repository,data/goes17_2019_2021_external_metric/goes_sunset_hourly.parquet,61e4b55e2744ad7e9c2b2973f48b3acd01b1e8c194ab88cc6b20d7b6a250abd2,1973584,reference-platform input for external calibration membership
intervals_external,reviewer_repository,data/goes17_2019_2021_external_metric/goes_sunset_intervals.csv,3804cf1ec122ff9c5ecf14c9101d7013dcf7574f71ffd29dbb6e0d36d69e994d,320,8 external calibration/validation intervals
frozen_copy_goes18_2022_2024_expansion_frozen_selection,reviewer_repository,data/goes18_2022_2024_expansion/FROZEN_SELECTION.json,5ca2802ccd71b360d050694b673c556201b12078a8646e5fe38d78136378512d,849,byte-for-byte source for GOES18_2022_2024_EXPANSION_FROZEN_SELECTION.json
candidate_expansion,reviewer_repository,data/goes18_2022_2024_expansion/goes_sunset_cities.csv,6a1de5d896e685146a593d48bf7735d25b410274b8c8bd7d6585280909db4376,5564,expansion 43-city candidate metadata
frozen_copy_goes18_2022_2024_original_frozen_selection,reviewer_repository,data/goes18_2022_2024_same_sensor/FROZEN_SELECTION.json,facf69784d1c8c06906ce23429a9f4c3991a435d2b0b73abcee88c4ec9d1b146,700,byte-for-byte source for GOES18_2022_2024_ORIGINAL_FROZEN_SELECTION.json
intervals_2022_2024,reviewer_repository,data/goes18_2022_2024_same_sensor/goes18_2022_2024_intervals.csv,bce78f94621e647a8e0a78e229da3ae3bc4d99e1ec22eaae5a2128becd44ae06,2892,31 fixed historical intervals
candidate_original,reviewer_repository,data/goes18_2022_2024_same_sensor/goes_sunset_cities.csv,771aa2059cb38371d1ee05cbde1f23216ef42834e2c3250730285ac792bd3219,6256,original 51-city candidate metadata
frozen_copy_goes18_2025_expansion_frozen_selection,reviewer_repository,data/goes18_2025_expansion/FROZEN_SELECTION.json,4077fecc62cbf53c70ccaf02c871c8d4bc7f98e86a34802603587d4c211ae331,823,byte-for-byte source for GOES18_2025_EXPANSION_FROZEN_SELECTION.json
frozen_copy_goes18_2025_original_frozen_selection,reviewer_repository,data/goes18_2025_western_replication/FROZEN_SELECTION.json,0e1a5421f2b8e8843b2a14ddee9bf157e07fa63169560fe286260bdb1b43938e,524,byte-for-byte source for GOES18_2025_ORIGINAL_FROZEN_SELECTION.json
frozen_copy_goes18_2026_frozen_selection,reviewer_repository,data/goes18_2026_metric_holdout/FROZEN_SELECTION.json,722d2b3785f1c6c66b04d7cdd0932edb8aa60ecf2eef0ecc9c70f9f94c2f70d1,595,byte-for-byte source for GOES18_2026_FROZEN_SELECTION.json
mask_goes18_2026,reviewer_repository,data/goes18_2026_metric_holdout/goes_city_grid_mask_summary.csv,f4fd09f121c86002bdf56a33722631117bc488f8102fbf92392220a8fa06858b,2489,GOES-18 grid-support counts
candidate_combined,reviewer_repository,data/goes18_2026_metric_holdout/goes_sunset_cities.csv,677625775e326333371f28fa0458129b89fb2291b4f3e90906086962268267f2,13076,combined 94-city candidate metadata
intervals_2026,reviewer_repository,data/goes18_2026_metric_holdout/goes_sunset_intervals.csv,b7529b742bb874e8ffdcb18716482e8f06b1a57d705e5dc21569c8cbaf78c3f5,311,8 prospective 2026 intervals
intervals_2025,reviewer_repository,data/goes19_2025_holdout/goes19_2025_intervals.csv,98345a66bda10728ed01302ebe498e104b1126abdc1060cd7e34e14dd67fa16a,955,10 fixed 2025 intervals
frozen_copy_goes19_2026_frozen_selection,reviewer_repository,data/goes19_2026_metric_holdout/FROZEN_SELECTION.json,d62e0a0f3c803b4c1e0ebbd23f540279d22d4e3b3ec69f784e96a8b83fab3878,595,byte-for-byte source for GOES19_2026_FROZEN_SELECTION.json
mask_goes19_2026,reviewer_repository,data/goes19_2026_metric_holdout/goes_city_grid_mask_summary.csv,b1bdc570f852e08d19cd1876d57ff9323ee6e3fa6980030734ca7d1f9c03fde2,2472,GOES-19 grid-support counts
external_attrition,reviewer_repository,outputs/grl_deepening_2026/goes17_goes16_external_metric/event_attrition.csv,ea5c8c50a9fe5f8204cacdd92d15deb0e33e6e756f2b0535d93c22f9d52a6af5,477,external event-level attrition
external_report,reviewer_repository,outputs/grl_deepening_2026/goes17_goes16_external_metric/external_replication_report.json,895fbc1598cc7e3a41c82dfa1422c22cc01ff341fd44610381588e9e918c6f51,5267,external aggregate analysis counts
external_offsets,reviewer_repository,outputs/grl_deepening_2026/goes17_goes16_external_metric/frozen_hour_offsets_2019_2020.csv,73a41a9b9174bc7f57d7f536e2348fdba655408b9ceff44b49644a536495e3f1,627,frozen external hour offsets
stage_hourly_8,reviewer_repository,outputs/grl_deepening_2026/goes17_goes16_external_metric/validation_2021_hourly_predictions.parquet,19d4dd91044a95ba2165f0e92e2fee8e2c6ab14a2fd2df84ed0d4d8d05e31802,195954,hourly analysis membership/counts for external_validation_combined_2021
stage_transition_8,reviewer_repository,outputs/grl_deepening_2026/goes17_goes16_external_metric/validation_2021_transition_predictions.parquet,fad4127e9a30cb8533015e5c14211e5fa38594aa7b78e4b8d17cfcb0a6519a79,83805,transition analysis counts for external_validation_combined_2021
frozen_copy_metric_aware_harmonization_frozen_manifest,reviewer_repository,outputs/grl_deepening_2026/goes18_goes19_metric_harmonization/frozen_metric_aware_manifest.json,b13aa8b6197653289c945383da5568fb3b4e23f0ad016b4f928678d0b2b0d5e9,5189,byte-for-byte source for METRIC_AWARE_HARMONIZATION_FROZEN_MANIFEST.json
selection_metric_aware,reviewer_repository,outputs/grl_deepening_2026/goes18_goes19_metric_harmonization/model_selection.csv,ca98946d6f9ff7986b87831cd93c362a8c679dec3aca3983c542b0aa20ed158b,1637,metric-specific model-selection scores
stage_hourly_6,reviewer_repository,outputs/grl_deepening_2026/goes18_goes19_metric_harmonization/validation_2026_hourly_predictions.parquet,66547d58343045f8076029e162e2db6c3bd19d1222f4b877ef3d6198ba140fac,640523,hourly analysis membership/counts for metric_aware_validation_combined_2026
stage_transition_6,reviewer_repository,outputs/grl_deepening_2026/goes18_goes19_metric_harmonization/validation_2026_transition_predictions.parquet,2c79d6b79732a84026277bbee2d05ce9fea906893ea28184ebb036ec9639ee9d,241359,transition analysis counts for metric_aware_validation_combined_2026
uncertainty_frozen_summary,reviewer_repository,outputs/grl_deepening_2026/goes18_goes19_metric_harmonization/validation_2026_uncertainty.csv,99b1e5ec2e105170f84bf2963742b34b70cd829e23d538fd9c7b11bcc5baa9d2,895,frozen 2026 uncertainty summary
stage_hourly_5,reviewer_repository,outputs/grl_deepening_2026/multiplatform_expanded_validation/combined_2025_common_domain_predictions.parquet,e83a7a47298458ea4cd596bb73a37fa86a910773757d2ad3c7117599c91a839a,543588,hourly analysis membership/counts for metric_aware_calibration_combined_2025
stage_hourly_2,reviewer_repository,outputs/grl_deepening_2026/multiplatform_expanded_validation/historical_expanded_predictions.parquet,0a4d78cf1edadb98420d33d5aa18c9f36ff378cc8c59e02e0206e86cd79f9747,695531,hourly analysis membership/counts for initial_model_evaluation_expansion_2022_2024
stage_hourly_4,reviewer_repository,outputs/grl_deepening_2026/multiplatform_expanded_validation/validation_expanded_predictions.parquet,bb411d9ac92dd59f1f1fe1a80b6867323ebafe5d3aea9ee5f18ba8bae92a653f,237221,hourly analysis membership/counts for initial_model_evaluation_expansion_2025
stage_hourly_1,reviewer_repository,outputs/grl_deepening_2026/multiplatform_harmonization/derivation_city_event_hourly.parquet,de893f6c44efe0df4e3c0b65989543fa9f640a5230ef5d40c8a2c808c4d3c5b2,673350,hourly analysis membership/counts for initial_model_derivation_original_2022_2024
selection_initial,reviewer_repository,outputs/grl_deepening_2026/multiplatform_harmonization/derivation_model_selection.csv,d764314bbfe948c3d654280c1a05ed156280979774ad1a0207cb989edb3de0f9,421,initial model-selection scores
frozen_copy_initial_harmonization_frozen_manifest,reviewer_repository,outputs/grl_deepening_2026/multiplatform_harmonization/frozen_harmonization_manifest.json,014782fac5d5621259810810a4762b7b49a89155d5d46c992bde45f9902b2a8c,1522,byte-for-byte source for INITIAL_HARMONIZATION_FROZEN_MANIFEST.json
stage_hourly_3,reviewer_repository,outputs/grl_deepening_2026/multiplatform_harmonization/validation_2025_predictions.parquet,a732c10342ed1bc6bfea96957831cd03fc6e22b94f1d237483852172ffa40db2,328139,hourly analysis membership/counts for initial_model_evaluation_original_2025
