high_uc_id,low_uc_id,un_sdg_reg,wb_income,population_quintile,night_temperature_tercile,soil_moisture_tercile,match_distance
1835,647,Australia and New Zealand,High income,0,0,1,0.7057285993615849
2086,1145,Australia and New Zealand,High income,0,1,0,1.303129538393935
2606,3161,Australia and New Zealand,High income,0,1,0,0.9392647364300085
2861,2923,Australia and New Zealand,High income,0,1,0,0.10749037468311998
2166,909,Australia and New Zealand,High income,1,1,0,0.7908586590832914
2245,3217,Australia and New Zealand,High income,1,1,0,1.3716149812778449
1254,1559,Australia and New Zealand,High income,2,1,0,1.0542551337504602
498,1459,Australia and New Zealand,High income,4,1,0,2.001916698730761
7033,162,Central and Southern Asia,Lower Middle,0,0,2,1.35354626428512
6422,5467,Central and Southern Asia,Lower Middle,0,1,0,0.6911025278772284
7073,2846,Central and Southern Asia,Lower Middle,0,1,0,1.280072458471293
6995,11386,Central and Southern Asia,Lower Middle,0,1,1,3.701863593120584
8066,2388,Central and Southern Asia,Lower Middle,0,1,1,1.7517114410554822
11618,11584,Central and Southern Asia,Lower Middle,0,1,2,1.8540757941690496
10314,10842,Central and Southern Asia,Lower Middle,0,2,0,0.5795889193322057
9848,10072,Central and Southern Asia,Lower Middle,0,2,0,0.9430744819904617
11314,11282,Central and Southern Asia,Lower Middle,0,2,1,0.5778620850561995
11384,2851,Central and Southern Asia,Lower Middle,0,2,1,0.3565791584567444
11542,4580,Central and Southern Asia,Lower Middle,0,2,1,0.8549236260249973
3634,3530,Central and Southern Asia,Lower Middle,0,2,1,0.2428932649756913
7466,5368,Central and Southern Asia,Lower Middle,0,2,1,0.8739211332695167
1910,6264,Central and Southern Asia,Lower Middle,0,2,2,0.5953045030805811
1238,3313,Central and Southern Asia,Lower Middle,1,0,1,3.210945713132264
1013,3028,Central and Southern Asia,Lower Middle,1,0,2,1.8329853713049427
166,6616,Central and Southern Asia,Lower Middle,1,1,0,1.1416082838015642
3954,1987,Central and Southern Asia,Lower Middle,1,1,0,1.523626324850446
4867,3088,Central and Southern Asia,Lower Middle,1,1,0,1.91478395402931
631,3148,Central and Southern Asia,Lower Middle,1,1,0,1.9283461865506257
6899,1441,Central and Southern Asia,Lower Middle,1,1,0,1.795993846319074
7389,7176,Central and Southern Asia,Lower Middle,1,1,0,1.256568277789402
1015,11588,Central and Southern Asia,Lower Middle,1,1,1,2.0258456054163707
2376,1726,Central and Southern Asia,Lower Middle,1,1,1,1.8672187568317409
8940,1989,Central and Southern Asia,Lower Middle,1,1,1,2.608495426412244
895,4897,Central and Southern Asia,Lower Middle,1,1,1,1.9144715027751842
11624,11498,Central and Southern Asia,Lower Middle,1,1,2,0.873275281465948
3994,11502,Central and Southern Asia,Lower Middle,1,1,2,2.188619172259189
10262,10308,Central and Southern Asia,Lower Middle,1,2,0,0.24148758334410478
6617,9542,Central and Southern Asia,Lower Middle,1,2,0,0.8928666560938088
7111,6982,Central and Southern Asia,Lower Middle,1,2,0,0.6893065622740724
7473,5845,Central and Southern Asia,Lower Middle,1,2,0,0.34738241369928224
767,8192,Central and Southern Asia,Lower Middle,1,2,0,1.1681456632679421
7717,5942,Central and Southern Asia,Lower Middle,1,2,0,0.6544585522123831
7927,6312,Central and Southern Asia,Lower Middle,1,2,0,0.39749361323106736
8836,4616,Central and Southern Asia,Lower Middle,1,2,0,0.9297105362868932
9794,8994,Central and Southern Asia,Lower Middle,1,2,0,0.3925974716876901
10992,11218,Central and Southern Asia,Lower Middle,1,2,1,0.535785460300395
11298,11132,Central and Southern Asia,Lower Middle,1,2,1,0.3711237061326697
11354,4203,Central and Southern Asia,Lower Middle,1,2,1,0.37924095099114996
11358,11368,Central and Southern Asia,Lower Middle,1,2,1,0.590956050780604
11372,11130,Central and Southern Asia,Lower Middle,1,2,1,0.6425221410743618
11394,4124,Central and Southern Asia,Lower Middle,1,2,1,0.3151714719158131
11474,11464,Central and Southern Asia,Lower Middle,1,2,1,0.8297148384478649
2075,11196,Central and Southern Asia,Lower Middle,1,2,1,0.2942352154286773
2724,3913,Central and Southern Asia,Lower Middle,1,2,1,0.3152926975610421
4965,5542,Central and Southern Asia,Lower Middle,1,2,1,0.4667474623722766
7420,9456,Central and Southern Asia,Lower Middle,1,2,1,0.6670009827097721
7511,11544,Central and Southern Asia,Lower Middle,1,2,1,0.885286358223913
10210,7349,Central and Southern Asia,Lower Middle,1,2,2,1.0847824580944014
11492,11590,Central and Southern Asia,Lower Middle,1,2,2,0.4598196176234831
11510,11460,Central and Southern Asia,Lower Middle,1,2,2,0.8533047899558804
1642,11546,Central and Southern Asia,Lower Middle,1,2,2,0.6233763082033503
7391,11472,Central and Southern Asia,Lower Middle,1,2,2,0.6369879238816043
9404,9036,Central and Southern Asia,Lower Middle,1,2,2,0.8221777991739769
9556,9574,Central and Southern Asia,Lower Middle,1,2,2,0.47549999205746396
5205,5023,Central and Southern Asia,Lower Middle,2,0,1,1.5052605669824557
5610,1541,Central and Southern Asia,Lower Middle,2,0,1,1.0564456180702295
6526,1010,Central and Southern Asia,Lower Middle,2,0,1,0.8549813075647666
6691,3910,Central and Southern Asia,Lower Middle,2,0,1,0.7663550201244795
6796,1809,Central and Southern Asia,Lower Middle,2,0,1,1.35645035912353
893,485,Central and Southern Asia,Lower Middle,2,0,1,1.7122819370038915
4762,5261,Central and Southern Asia,Lower Middle,2,1,0,1.1574997121357504
4833,3146,Central and Southern Asia,Lower Middle,2,1,0,0.7307792189093499
4932,7686,Central and Southern Asia,Lower Middle,2,1,0,0.6858778811203347
5700,7337,Central and Southern Asia,Lower Middle,2,1,0,0.698302399204743
6359,6676,Central and Southern Asia,Lower Middle,2,1,0,1.1572581098197559
7380,1126,Central and Southern Asia,Lower Middle,2,1,0,1.3931263809150385
11566,11512,Central and Southern Asia,Lower Middle,2,1,1,0.6355271607315021
11610,7009,Central and Southern Asia,Lower Middle,2,1,2,3.965010897029738
11616,11534,Central and Southern Asia,Lower Middle,2,1,2,0.8473266131323532
10052,10310,Central and Southern Asia,Lower Middle,2,2,0,0.4862895590152838
10180,9818,Central and Southern Asia,Lower Middle,2,2,0,0.8460574347323024
10220,10242,Central and Southern Asia,Lower Middle,2,2,0,0.6025166970681991
10764,10544,Central and Southern Asia,Lower Middle,2,2,0,0.522903811233432
10830,10112,Central and Southern Asia,Lower Middle,2,2,0,0.6807706382628568
5443,6452,Central and Southern Asia,Lower Middle,2,2,0,0.6100018087960077
5999,7250,Central and Southern Asia,Lower Middle,2,2,0,0.2722491013858277
6407,5825,Central and Southern Asia,Lower Middle,2,2,0,0.4442395271095033
6737,6752,Central and Southern Asia,Lower Middle,2,2,0,0.30706100886084076
6926,5884,Central and Southern Asia,Lower Middle,2,2,0,0.5887035651516876
7214,7536,Central and Southern Asia,Lower Middle,2,2,0,0.49653802637077243
7315,4799,Central and Southern Asia,Lower Middle,2,2,0,0.4227582134128642
7359,7702,Central and Southern Asia,Lower Middle,2,2,0,0.3629278602848483
7409,6496,Central and Southern Asia,Lower Middle,2,2,0,0.22912274018827733
7437,5088,Central and Southern Asia,Lower Middle,2,2,0,0.4751138696440371
8162,6647,Central and Southern Asia,Lower Middle,2,2,0,0.6344989628751122
8300,7745,Central and Southern Asia,Lower Middle,2,2,0,0.6378786828358197
8553,9440,Central and Southern Asia,Lower Middle,2,2,0,0.6467978433092704
9646,10166,Central and Southern Asia,Lower Middle,2,2,0,0.9948920812493343
9740,10222,Central and Southern Asia,Lower Middle,2,2,0,1.3084906782132262
9786,10252,Central and Southern Asia,Lower Middle,2,2,0,0.7030786693065436
9804,10064,Central and Southern Asia,Lower Middle,2,2,0,0.7640648179476931
9892,9770,Central and Southern Asia,Lower Middle,2,2,0,0.839600083854062
9904,9148,Central and Southern Asia,Lower Middle,2,2,0,0.9941424963784948
10162,9906,Central and Southern Asia,Lower Middle,2,2,1,0.7047631152869323
10628,10370,Central and Southern Asia,Lower Middle,2,2,1,0.5330316394083549
10984,11090,Central and Southern Asia,Lower Middle,2,2,1,0.7943707007711198
11204,11164,Central and Southern Asia,Lower Middle,2,2,1,0.6893504728161132
11300,11248,Central and Southern Asia,Lower Middle,2,2,1,0.5050647070111631
11316,11340,Central and Southern Asia,Lower Middle,2,2,1,0.48373948389123356
11326,11304,Central and Southern Asia,Lower Middle,2,2,1,0.2750707847369615
11334,7492,Central and Southern Asia,Lower Middle,2,2,1,0.8165525704937378
11338,11296,Central and Southern Asia,Lower Middle,2,2,1,0.3022897355503588
11378,1347,Central and Southern Asia,Lower Middle,2,2,1,0.913501888374211
11392,11264,Central and Southern Asia,Lower Middle,2,2,1,0.48698025591836425
11470,11478,Central and Southern Asia,Lower Middle,2,2,1,0.745667669185067
11536,2530,Central and Southern Asia,Lower Middle,2,2,1,0.5693793510687468
3956,4691,Central and Southern Asia,Lower Middle,2,2,1,0.4587152108146814
5089,5723,Central and Southern Asia,Lower Middle,2,2,1,0.4179872842462934
5394,4241,Central and Southern Asia,Lower Middle,2,2,1,0.38573922144031414
5635,6345,Central and Southern Asia,Lower Middle,2,2,1,0.4989306144042845
6230,6213,Central and Southern Asia,Lower Middle,2,2,1,0.4012665798255295
6247,6126,Central and Southern Asia,Lower Middle,2,2,1,0.39219918254245056
6886,7520,Central and Southern Asia,Lower Middle,2,2,1,0.72066825544203
7100,4279,Central and Southern Asia,Lower Middle,2,2,1,0.4320252200565277
9736,10144,Central and Southern Asia,Lower Middle,2,2,1,0.9471762755718486
9760,11182,Central and Southern Asia,Lower Middle,2,2,1,1.216240456368529
10464,10114,Central and Southern Asia,Lower Middle,2,2,2,0.5686419400310957
11486,11504,Central and Southern Asia,Lower Middle,2,2,2,1.0755139092508772
11488,11516,Central and Southern Asia,Lower Middle,2,2,2,0.6201819737710661
11526,11466,Central and Southern Asia,Lower Middle,2,2,2,0.490696785687386
11530,11388,Central and Southern Asia,Lower Middle,2,2,2,1.1407129557451368
11550,11576,Central and Southern Asia,Lower Middle,2,2,2,0.38843358536184247
7328,8890,Central and Southern Asia,Lower Middle,2,2,2,1.221560246426149
9100,9592,Central and Southern Asia,Lower Middle,2,2,2,1.1231913260365223
9358,9512,Central and Southern Asia,Lower Middle,2,2,2,1.1266690190978617
9396,9380,Central and Southern Asia,Lower Middle,2,2,2,1.07546211055292
9604,9872,Central and Southern Asia,Lower Middle,2,2,2,0.9566202288037371
9672,9294,Central and Southern Asia,Lower Middle,2,2,2,0.7279020556602401
4726,2381,Central and Southern Asia,Lower Middle,3,0,0,0.830556092586551
7474,2528,Central and Southern Asia,Lower Middle,3,0,2,2.0580849921241016
4994,1635,Central and Southern Asia,Lower Middle,3,1,0,1.4844015862611883
5025,3422,Central and Southern Asia,Lower Middle,3,1,0,1.5559397948222364
5844,890,Central and Southern Asia,Lower Middle,3,1,0,1.8349330885772075
7399,3821,Central and Southern Asia,Lower Middle,3,1,0,1.9726413206637785
7527,6968,Central and Southern Asia,Lower Middle,3,1,0,0.17446987889273186
7553,1902,Central and Southern Asia,Lower Middle,3,1,0,1.8963492638229316
10814,10366,Central and Southern Asia,Lower Middle,3,1,1,0.9888400145308385
8350,6279,Central and Southern Asia,Lower Middle,3,1,1,1.155984467849317
9336,6753,Central and Southern Asia,Lower Middle,3,1,2,3.2652307620739993
10060,10754,Central and Southern Asia,Lower Middle,3,2,0,1.1989908330850805
10190,10362,Central and Southern Asia,Lower Middle,3,2,0,1.1444884940057714
10204,10068,Central and Southern Asia,Lower Middle,3,2,0,1.3212104820975805
10208,10302,Central and Southern Asia,Lower Middle,3,2,0,0.7384675851333843
10266,10194,Central and Southern Asia,Lower Middle,3,2,0,0.5656709338030588
10466,167,Central and Southern Asia,Lower Middle,3,2,0,0.9724004409190573
10812,10338,Central and Southern Asia,Lower Middle,3,2,0,0.43239841270403684
5565,8484,Central and Southern Asia,Lower Middle,3,2,0,0.23855113408328096
5588,7483,Central and Southern Asia,Lower Middle,3,2,0,0.5767560674198097
5701,8754,Central and Southern Asia,Lower Middle,3,2,0,0.34424656151712973
6280,8826,Central and Southern Asia,Lower Middle,3,2,0,0.8203747051196634
6602,8544,Central and Southern Asia,Lower Middle,3,2,0,0.875103514657269
6826,5087,Central and Southern Asia,Lower Middle,3,2,0,0.7285603200292077
7189,7072,Central and Southern Asia,Lower Middle,3,2,0,0.6167005729441342
7446,7580,Central and Southern Asia,Lower Middle,3,2,0,0.29590617923397355
7491,6088,Central and Southern Asia,Lower Middle,3,2,0,0.6084349569211673
7562,6125,Central and Southern Asia,Lower Middle,3,2,0,0.41430502160626825
7590,8434,Central and Southern Asia,Lower Middle,3,2,0,0.45110957842720967
7654,5492,Central and Southern Asia,Lower Middle,3,2,0,0.43784006374451984
7857,8514,Central and Southern Asia,Lower Middle,3,2,0,0.6634246149478559
7899,7293,Central and Southern Asia,Lower Middle,3,2,0,0.1665827271938857
7906,5980,Central and Southern Asia,Lower Middle,3,2,0,0.4166997118296936
7976,6841,Central and Southern Asia,Lower Middle,3,2,0,0.37278178714062743
8019,7327,Central and Southern Asia,Lower Middle,3,2,0,0.49759566270968014
8448,9936,Central and Southern Asia,Lower Middle,3,2,0,0.7443409404761906
8618,8852,Central and Southern Asia,Lower Middle,3,2,0,0.33136616396119145
9448,10386,Central and Southern Asia,Lower Middle,3,2,0,1.4382382876037014
9664,9896,Central and Southern Asia,Lower Middle,3,2,0,1.1230149779415939
9666,9926,Central and Southern Asia,Lower Middle,3,2,0,1.5051466132959972
9720,8794,Central and Southern Asia,Lower Middle,3,2,0,3.284522617648612
9806,10856,Central and Southern Asia,Lower Middle,3,2,0,1.4494671377744324
9810,10276,Central and Southern Asia,Lower Middle,3,2,0,1.3521221367009084
9850,9836,Central and Southern Asia,Lower Middle,3,2,0,0.8071106411535911
9918,10320,Central and Southern Asia,Lower Middle,3,2,0,1.5752882593500876
9954,9020,Central and Southern Asia,Lower Middle,3,2,0,0.906396561964591
10050,9792,Central and Southern Asia,Lower Middle,3,2,1,1.430919487839047
10106,10432,Central and Southern Asia,Lower Middle,3,2,1,0.31863839569951435
10244,3684,Central and Southern Asia,Lower Middle,3,2,1,2.019305927619493
10296,10268,Central and Southern Asia,Lower Middle,3,2,1,0.6787808664026544
10734,11008,Central and Southern Asia,Lower Middle,3,2,1,0.34804173124013815
10774,10826,Central and Southern Asia,Lower Middle,3,2,1,0.2595033915784084
10834,11202,Central and Southern Asia,Lower Middle,3,2,1,0.46584059702508673
10862,8270,Central and Southern Asia,Lower Middle,3,2,1,0.3175857686363093
10864,7283,Central and Southern Asia,Lower Middle,3,2,1,1.036200876856404
10912,10976,Central and Southern Asia,Lower Middle,3,2,1,0.3151381504199878
11108,9952,Central and Southern Asia,Lower Middle,3,2,1,1.7049282516675337
11266,7438,Central and Southern Asia,Lower Middle,3,2,1,0.8286097158504899
11294,11128,Central and Southern Asia,Lower Middle,3,2,1,0.5987174215702491
11320,10104,Central and Southern Asia,Lower Middle,3,2,1,1.1968673612488494
1133,5612,Central and Southern Asia,Lower Middle,3,2,1,0.44411931393758497
11362,11176,Central and Southern Asia,Lower Middle,3,2,1,0.556639532662141
11410,11284,Central and Southern Asia,Lower Middle,3,2,1,0.6172146378050274
11430,11396,Central and Southern Asia,Lower Middle,3,2,1,0.41516879090754644
11436,4764,Central and Southern Asia,Lower Middle,3,2,1,0.15632669694891463
169,1447,Central and Southern Asia,Lower Middle,3,2,1,0.5948124691818995
1911,5207,Central and Southern Asia,Lower Middle,3,2,1,0.46423026276648816
2232,9972,Central and Southern Asia,Lower Middle,3,2,1,0.5715868860109268
2660,11290,Central and Southern Asia,Lower Middle,3,2,1,0.5073547968589107
3207,11048,Central and Southern Asia,Lower Middle,3,2,1,0.6747021140281756
3582,10926,Central and Southern Asia,Lower Middle,3,2,1,0.8754431238588257
4506,3824,Central and Southern Asia,Lower Middle,3,2,1,0.4021740256436628
5494,11448,Central and Southern Asia,Lower Middle,3,2,1,0.4711238594224642
6018,7262,Central and Southern Asia,Lower Middle,3,2,1,0.6470745081389674
6313,6179,Central and Southern Asia,Lower Middle,3,2,1,0.7206453102384843
6408,9586,Central and Southern Asia,Lower Middle,3,2,1,1.0076149158934564
6498,5944,Central and Southern Asia,Lower Middle,3,2,1,0.40231003589130937
7022,5290,Central and Southern Asia,Lower Middle,3,2,1,0.6489086221975485
7284,7048,Central and Southern Asia,Lower Middle,3,2,1,0.40250368893928
7350,7430,Central and Southern Asia,Lower Middle,3,2,1,1.017584711445814
7457,9494,Central and Southern Asia,Lower Middle,3,2,1,1.4211945991433206
7484,9616,Central and Southern Asia,Lower Middle,3,2,1,0.8804085870631767
7493,9168,Central and Southern Asia,Lower Middle,3,2,1,1.4171700746520417
8466,8662,Central and Southern Asia,Lower Middle,3,2,1,1.6142335199147229
9462,3732,Central and Southern Asia,Lower Middle,3,2,1,1.2686613810007692
9778,8704,Central and Southern Asia,Lower Middle,3,2,1,1.8243284586886126
10368,7099,Central and Southern Asia,Lower Middle,3,2,2,1.270731819007798
11366,7338,Central and Southern Asia,Lower Middle,3,2,2,0.7724841606133156
11450,11520,Central and Southern Asia,Lower Middle,3,2,2,1.2778363209877412
11490,11582,Central and Southern Asia,Lower Middle,3,2,2,0.44978527205552254
11524,11592,Central and Southern Asia,Lower Middle,3,2,2,0.5153681972875412
11538,5342,Central and Southern Asia,Lower Middle,3,2,2,1.0099417918949964
7273,11414,Central and Southern Asia,Lower Middle,3,2,2,0.6385798537587762
7361,9008,Central and Southern Asia,Lower Middle,3,2,2,1.2378902356339692
7401,11402,Central and Southern Asia,Lower Middle,3,2,2,1.0429706945340458
7546,7164,Central and Southern Asia,Lower Middle,3,2,2,1.243311640624818
9064,8559,Central and Southern Asia,Lower Middle,3,2,2,0.971627889960407
9290,11540,Central and Southern Asia,Lower Middle,3,2,2,0.9545623230535212
9452,11364,Central and Southern Asia,Lower Middle,3,2,2,1.5107244238586317
9710,8614,Central and Southern Asia,Lower Middle,3,2,2,0.9335947385609245
9752,8898,Central and Southern Asia,Lower Middle,3,2,2,0.749235671654042
9828,9852,Central and Southern Asia,Lower Middle,3,2,2,0.35824211713742327
2454,628,Central and Southern Asia,Lower Middle,4,0,0,1.073262135432367
4576,4389,Central and Southern Asia,Lower Middle,4,0,0,0.3117239297628087
2907,4992,Central and Southern Asia,Lower Middle,4,0,1,0.8972344336888317
5392,1236,Central and Southern Asia,Lower Middle,4,0,1,1.0153281990816305
764,1432,Central and Southern Asia,Lower Middle,4,0,1,0.9535142892348346
3371,6141,Central and Southern Asia,Lower Middle,4,1,0,2.2266418925624167
4277,5720,Central and Southern Asia,Lower Middle,4,1,0,1.874504983342497
6571,2304,Central and Southern Asia,Lower Middle,4,1,0,1.524455040913558
7419,4201,Central and Southern Asia,Lower Middle,4,1,0,1.2000094836109927
7646,3315,Central and Southern Asia,Lower Middle,4,1,0,1.0257798009858665
8294,4866,Central and Southern Asia,Lower Middle,4,1,0,1.1498276722306005
10006,6178,Central and Southern Asia,Lower Middle,4,2,0,1.2346649693265896
10132,9780,Central and Southern Asia,Lower Middle,4,2,0,1.5518500413544167
10160,9576,Central and Southern Asia,Lower Middle,4,2,0,1.1852103180362925
10224,9676,Central and Southern Asia,Lower Middle,4,2,0,1.533345236331185
10444,7767,Central and Southern Asia,Lower Middle,4,2,0,1.312418482814679
10502,10462,Central and Southern Asia,Lower Middle,4,2,0,0.39338118707621805
10546,10470,Central and Southern Asia,Lower Middle,4,2,0,0.591342683162576
10642,9984,Central and Southern Asia,Lower Middle,4,2,0,0.6656390967436239
6662,8962,Central and Southern Asia,Lower Middle,4,2,0,0.6966485357950011
6912,5056,Central and Southern Asia,Lower Middle,4,2,0,1.4013931194177975
7021,8102,Central and Southern Asia,Lower Middle,4,2,0,1.6527113514162923
7047,2594,Central and Southern Asia,Lower Middle,4,2,0,1.3427684354521292
7085,6586,Central and Southern Asia,Lower Middle,4,2,0,1.885489240484858
7163,6375,Central and Southern Asia,Lower Middle,4,2,0,0.7002454024048217
7428,7260,Central and Southern Asia,Lower Middle,4,2,0,2.1264424588290938
7447,7008,Central and Southern Asia,Lower Middle,4,2,0,1.6198403789755373
7544,8047,Central and Southern Asia,Lower Middle,4,2,0,0.871956793183325
7638,3528,Central and Southern Asia,Lower Middle,4,2,0,1.0270150248319423
7687,5315,Central and Southern Asia,Lower Middle,4,2,0,1.6427683749567703
7725,8556,Central and Southern Asia,Lower Middle,4,2,0,0.7502723289313
7773,6646,Central and Southern Asia,Lower Middle,4,2,0,1.1256411523495282
7788,7711,Central and Southern Asia,Lower Middle,4,2,0,0.6672951831366849
7794,2457,Central and Southern Asia,Lower Middle,4,2,0,1.562109531194616
8039,6955,Central and Southern Asia,Lower Middle,4,2,0,0.7787459461773869
8252,8946,Central and Southern Asia,Lower Middle,4,2,0,0.9742359255479314
8400,8481,Central and Southern Asia,Lower Middle,4,2,0,0.18039351297565337
8626,8766,Central and Southern Asia,Lower Middle,4,2,0,0.6912191531525255
8674,10110,Central and Southern Asia,Lower Middle,4,2,0,0.6944626675596675
8758,10102,Central and Southern Asia,Lower Middle,4,2,0,0.6094726112316364
8860,9968,Central and Southern Asia,Lower Middle,4,2,0,0.6201295510992392
9028,10334,Central and Southern Asia,Lower Middle,4,2,0,0.5599969848193519
9390,8934,Central and Southern Asia,Lower Middle,4,2,0,2.6240708513168176
9464,9612,Central and Southern Asia,Lower Middle,4,2,0,0.7141986742875273
9620,9108,Central and Southern Asia,Lower Middle,4,2,0,2.463241603681248
9692,9908,Central and Southern Asia,Lower Middle,4,2,0,0.1950605674377404
9716,10292,Central and Southern Asia,Lower Middle,4,2,0,1.616516130332048
9774,10164,Central and Southern Asia,Lower Middle,4,2,0,0.5097750428244242
9800,10796,Central and Southern Asia,Lower Middle,4,2,0,1.187957645204007
9814,9414,Central and Southern Asia,Lower Middle,4,2,0,1.1234205051883108
9860,9934,Central and Southern Asia,Lower Middle,4,2,0,0.6730372861210749
9880,10290,Central and Southern Asia,Lower Middle,4,2,0,1.5920168125813086
10760,11180,Central and Southern Asia,Lower Middle,4,2,1,0.6942958376199826
10840,9330,Central and Southern Asia,Lower Middle,4,2,1,1.5496167651760384
10904,9132,Central and Southern Asia,Lower Middle,4,2,1,1.087326985757911
10970,10074,Central and Southern Asia,Lower Middle,4,2,1,1.2542621814417405
11044,11078,Central and Southern Asia,Lower Middle,4,2,1,0.5028196171111307
11118,11018,Central and Southern Asia,Lower Middle,4,2,1,0.6781278009046469
11184,7563,Central and Southern Asia,Lower Middle,4,2,1,0.784134848138377
4317,6798,Central and Southern Asia,Lower Middle,4,2,1,0.7261548717130456
5963,7565,Central and Southern Asia,Lower Middle,4,2,1,0.7230881159920012
6648,7529,Central and Southern Asia,Lower Middle,4,2,1,0.8177609967303726
7538,9420,Central and Southern Asia,Lower Middle,4,2,1,1.460403072627399
8258,6913,Central and Southern Asia,Lower Middle,4,2,1,1.732871805735436
8694,8648,Central and Southern Asia,Lower Middle,4,2,1,1.1869833151655556
11444,10636,Central and Southern Asia,Lower Middle,4,2,2,0.8266874989241493
11514,1016,Central and Southern Asia,Lower Middle,4,2,2,1.3272472006393148
8616,7429,Central and Southern Asia,Lower Middle,4,2,2,0.834996273583653
8680,8866,Central and Southern Asia,Lower Middle,4,2,2,0.8766944114566949
9472,9150,Central and Southern Asia,Lower Middle,4,2,2,0.8183641563140391
3379,181,Eastern and South-Eastern Asia,High income,0,0,1,1.6640466325182524
3433,3740,Eastern and South-Eastern Asia,High income,0,0,1,0.34897748694362263
2084,4734,Eastern and South-Eastern Asia,High income,0,0,2,1.1976723941955918
2467,5595,Eastern and South-Eastern Asia,High income,0,0,2,0.7723950744015823
3741,4939,Eastern and South-Eastern Asia,High income,0,0,2,0.6271300941005128
5374,1651,Eastern and South-Eastern Asia,High income,0,0,2,0.8826878278311588
5475,1745,Eastern and South-Eastern Asia,High income,0,0,2,1.5505510664740039
5572,4697,Eastern and South-Eastern Asia,High income,0,0,2,0.8897262347104644
5791,6058,Eastern and South-Eastern Asia,High income,0,0,2,0.6165444574558963
5910,4170,Eastern and South-Eastern Asia,High income,0,0,2,1.0757011071607405
5967,4806,Eastern and South-Eastern Asia,High income,0,0,2,1.1377581682099678
6148,5033,Eastern and South-Eastern Asia,High income,0,0,2,1.0067829576212544
6199,5663,Eastern and South-Eastern Asia,High income,0,0,2,1.2055870850670327
905,500,Eastern and South-Eastern Asia,High income,0,0,2,0.5343713922122363
1143,3786,Eastern and South-Eastern Asia,High income,0,1,1,1.3138168837211859
2982,502,Eastern and South-Eastern Asia,High income,0,1,2,0.7661530223285448
3435,1653,Eastern and South-Eastern Asia,High income,0,1,2,0.631717036459295
6216,6250,Eastern and South-Eastern Asia,High income,0,1,2,0.36046361137516836
1251,350,Eastern and South-Eastern Asia,High income,0,2,2,5.015335601447139
1557,5524,Eastern and South-Eastern Asia,High income,1,0,2,1.281062956364987
2162,1455,Eastern and South-Eastern Asia,High income,1,0,2,0.850534214667494
2164,4770,Eastern and South-Eastern Asia,High income,1,0,2,0.32666961475696105
2859,2004,Eastern and South-Eastern Asia,High income,1,0,2,0.7080341914215172
5269,1355,Eastern and South-Eastern Asia,High income,1,0,2,0.92026479691196
5851,3539,Eastern and South-Eastern Asia,High income,1,0,2,1.269507744944897
5891,3485,Eastern and South-Eastern Asia,High income,1,0,2,1.1084429125179105
5948,5155,Eastern and South-Eastern Asia,High income,1,0,2,0.7672996610438366
6022,5641,Eastern and South-Eastern Asia,High income,1,0,2,0.8794928013548108
1457,3159,Eastern and South-Eastern Asia,High income,1,1,2,0.521019410596927
3101,3158,Eastern and South-Eastern Asia,High income,1,1,2,0.9113721161729734
3591,5548,Eastern and South-Eastern Asia,High income,1,1,2,1.0299857993541104
3964,6165,Eastern and South-Eastern Asia,High income,1,1,2,1.0305447245837418
3641,642,Eastern and South-Eastern Asia,High income,2,0,1,0.8572778904245499
1025,3832,Eastern and South-Eastern Asia,High income,2,0,2,1.3382779541058096
1555,2668,Eastern and South-Eastern Asia,High income,2,0,2,1.3919330294256758
1833,6112,Eastern and South-Eastern Asia,High income,2,0,2,0.8711659720386008
2320,4437,Eastern and South-Eastern Asia,High income,2,0,2,0.7183749607872636
2858,6094,Eastern and South-Eastern Asia,High income,2,0,2,0.6005318635927935
3271,2243,Eastern and South-Eastern Asia,High income,2,0,2,0.7754212868725071
5296,5064,Eastern and South-Eastern Asia,High income,2,0,2,1.2597347335270457
5322,2396,Eastern and South-Eastern Asia,High income,2,0,2,2.0419521106528133
5618,2002,Eastern and South-Eastern Asia,High income,2,0,2,0.8193515863484806
6004,4549,Eastern and South-Eastern Asia,High income,2,0,2,0.4482706308698686
777,3693,Eastern and South-Eastern Asia,High income,2,0,2,0.6437768340876587
1356,6233,Eastern and South-Eastern Asia,High income,2,1,2,1.582887763788242
1357,644,Eastern and South-Eastern Asia,High income,2,1,2,0.7541791691501402
5986,4006,Eastern and South-Eastern Asia,High income,2,1,2,0.6105942717367374
6130,4131,Eastern and South-Eastern Asia,High income,2,1,2,0.4057886880651481
6182,1920,Eastern and South-Eastern Asia,High income,2,1,2,0.9676956818524539
1918,779,Eastern and South-Eastern Asia,High income,3,0,2,0.8459311836745702
4361,4623,Eastern and South-Eastern Asia,High income,3,0,2,0.5525510936138969
5241,4209,Eastern and South-Eastern Asia,High income,3,0,2,0.43272020844264336
5770,4475,Eastern and South-Eastern Asia,High income,3,0,2,1.2692184403748297
5811,2603,Eastern and South-Eastern Asia,High income,3,0,2,1.334724750716583
6076,6040,Eastern and South-Eastern Asia,High income,3,0,2,0.7415729635099974
3215,4660,Eastern and South-Eastern Asia,High income,3,1,2,0.6945451168520086
3487,4247,Eastern and South-Eastern Asia,High income,3,1,2,1.146482332785472
5831,4971,Eastern and South-Eastern Asia,High income,3,1,2,0.608806451309566
3324,3831,Eastern and South-Eastern Asia,High income,4,0,1,0.6574867710910581
2921,4323,Eastern and South-Eastern Asia,High income,4,0,2,0.9935888154896373
4874,4907,Eastern and South-Eastern Asia,High income,4,0,2,0.7858642841007171
3921,3920,Eastern and South-Eastern Asia,High income,4,1,1,2.1124647406044006
1142,178,Eastern and South-Eastern Asia,High income,4,2,2,3.011163549473337
1652,345,Eastern and South-Eastern Asia,High income,4,2,2,3.6145488421084617
906,4512,Eastern and South-Eastern Asia,High income,4,2,2,1.319226863102663
1654,4046,Eastern and South-Eastern Asia,Lower Middle,0,2,1,0.8302699422616437
908,3038,Eastern and South-Eastern Asia,Lower Middle,0,2,1,1.2677668438153529
1144,5638,Eastern and South-Eastern Asia,Lower Middle,1,2,0,1.4836661177236092
1558,3535,Eastern and South-Eastern Asia,Lower Middle,1,2,0,1.039300556422821
1253,2733,Eastern and South-Eastern Asia,Lower Middle,1,2,1,0.6489934833032077
2605,2085,Eastern and South-Eastern Asia,Lower Middle,1,2,1,0.44459718087454336
2539,3267,Eastern and South-Eastern Asia,Lower Middle,1,2,2,1.2399093762495845
5768,4283,Eastern and South-Eastern Asia,Lower Middle,1,2,2,1.6214706896798068
5946,6056,Eastern and South-Eastern Asia,Lower Middle,1,2,2,1.1490262761298524
342,1828,Eastern and South-Eastern Asia,Lower Middle,2,2,1,1.165789289019183
2922,4872,Eastern and South-Eastern Asia,Lower Middle,2,2,2,0.9966105246004443
1834,3155,Eastern and South-Eastern Asia,Lower Middle,3,2,1,1.1384847419166346
2797,3784,Eastern and South-Eastern Asia,Lower Middle,3,2,1,1.0760928425663439
5592,2317,Eastern and South-Eastern Asia,Lower Middle,3,2,2,0.8043802201349557
5849,3829,Eastern and South-Eastern Asia,Lower Middle,3,2,2,0.9434952438701005
5911,5473,Eastern and South-Eastern Asia,Lower Middle,3,2,2,1.731608228997099
2005,3874,Eastern and South-Eastern Asia,Lower Middle,4,2,1,1.169763682599196
3540,6092,Eastern and South-Eastern Asia,Lower Middle,4,2,1,1.0452026675327148
4621,5615,Eastern and South-Eastern Asia,Lower Middle,4,2,1,0.756720651642681
645,3436,Eastern and South-Eastern Asia,Lower Middle,4,2,1,1.2046227431766774
4839,5401,Eastern and South-Eastern Asia,Lower Middle,4,2,2,2.5301988678174707
5062,4698,Eastern and South-Eastern Asia,Lower Middle,4,2,2,2.809841048860592
5239,5294,Eastern and South-Eastern Asia,Lower Middle,4,2,2,3.412423449901852
10171,8578,Eastern and South-Eastern Asia,Upper Middle,0,0,1,0.9812766586433891
10313,8757,Eastern and South-Eastern Asia,Upper Middle,0,0,1,1.0237928399245768
7362,9639,Eastern and South-Eastern Asia,Upper Middle,0,0,1,1.459259724263893
7648,7036,Eastern and South-Eastern Asia,Upper Middle,0,0,1,0.5732720489120487
7704,10153,Eastern and South-Eastern Asia,Upper Middle,0,0,1,2.5177330430254248
8961,9997,Eastern and South-Eastern Asia,Upper Middle,0,0,1,0.5426495236349879
9471,9373,Eastern and South-Eastern Asia,Upper Middle,0,1,0,0.5451403276621526
9537,9523,Eastern and South-Eastern Asia,Upper Middle,0,1,0,0.34855671682989053
9587,9993,Eastern and South-Eastern Asia,Upper Middle,0,1,0,0.8244435220080027
9647,9889,Eastern and South-Eastern Asia,Upper Middle,0,1,0,0.5911147478027207
9705,9317,Eastern and South-Eastern Asia,Upper Middle,0,1,0,0.30003326152915855
10217,10939,Eastern and South-Eastern Asia,Upper Middle,0,1,1,0.6292688540133593
10319,11177,Eastern and South-Eastern Asia,Upper Middle,0,1,1,0.2768282679888895
10369,10727,Eastern and South-Eastern Asia,Upper Middle,0,1,1,1.8754080198399459
10581,10953,Eastern and South-Eastern Asia,Upper Middle,0,1,1,0.19944791918851917
10843,11201,Eastern and South-Eastern Asia,Upper Middle,0,1,1,0.19686179649054023
5945,11073,Eastern and South-Eastern Asia,Upper Middle,0,1,1,0.5584570465128852
7845,11025,Eastern and South-Eastern Asia,Upper Middle,0,1,1,0.4113784292815894
9223,10989,Eastern and South-Eastern Asia,Upper Middle,0,1,1,1.3139508770450559
9577,11241,Eastern and South-Eastern Asia,Upper Middle,0,1,1,1.0999034485564967
9925,10529,Eastern and South-Eastern Asia,Upper Middle,0,1,1,0.14724012929456284
10427,10617,Eastern and South-Eastern Asia,Upper Middle,0,1,2,0.9694352725865435
10475,10201,Eastern and South-Eastern Asia,Upper Middle,0,1,2,0.48066500523101263
10601,10677,Eastern and South-Eastern Asia,Upper Middle,0,1,2,0.36126485313227386
10743,11640,Eastern and South-Eastern Asia,Upper Middle,0,1,2,0.5319420206670366
10869,10759,Eastern and South-Eastern Asia,Upper Middle,0,1,2,0.5788458170550583
11071,10905,Eastern and South-Eastern Asia,Upper Middle,0,1,2,0.5109023558200347
11109,10451,Eastern and South-Eastern Asia,Upper Middle,0,1,2,0.9446351877745672
11141,10735,Eastern and South-Eastern Asia,Upper Middle,0,1,2,0.5409450016921795
11205,10365,Eastern and South-Eastern Asia,Upper Middle,0,1,2,0.8197351175919202
11301,10567,Eastern and South-Eastern Asia,Upper Middle,0,1,2,0.6479654454175336
11315,11583,Eastern and South-Eastern Asia,Upper Middle,0,1,2,0.6852274689784552
11447,11419,Eastern and South-Eastern Asia,Upper Middle,0,1,2,0.4852970933819694
11477,11662,Eastern and South-Eastern Asia,Upper Middle,0,1,2,0.46514988089935233
11495,11549,Eastern and South-Eastern Asia,Upper Middle,0,1,2,0.7990723649227942
11539,11634,Eastern and South-Eastern Asia,Upper Middle,0,1,2,0.592304336624009
11545,11569,Eastern and South-Eastern Asia,Upper Middle,0,1,2,0.7515058203769934
11565,11673,Eastern and South-Eastern Asia,Upper Middle,0,1,2,0.6023843761863102
11581,10379,Eastern and South-Eastern Asia,Upper Middle,0,1,2,0.7347976443476998
11611,11643,Eastern and South-Eastern Asia,Upper Middle,0,1,2,0.7103453397331699
5543,11679,Eastern and South-Eastern Asia,Upper Middle,0,1,2,0.9246665850149564
8145,11431,Eastern and South-Eastern Asia,Upper Middle,0,1,2,0.7609065610331024
8464,10355,Eastern and South-Eastern Asia,Upper Middle,0,1,2,0.7854510637486649
9651,11319,Eastern and South-Eastern Asia,Upper Middle,0,1,2,0.9028916724335603
7319,1826,Eastern and South-Eastern Asia,Upper Middle,0,2,0,1.9734875875870985
7895,7797,Eastern and South-Eastern Asia,Upper Middle,0,2,0,0.8592076356570454
3959,3782,Eastern and South-Eastern Asia,Upper Middle,0,2,1,0.7936222420679014
7373,7618,Eastern and South-Eastern Asia,Upper Middle,0,2,1,0.6421864757417083
7432,6164,Eastern and South-Eastern Asia,Upper Middle,0,2,1,0.8563737736187765
900,7594,Eastern and South-Eastern Asia,Upper Middle,0,2,1,1.3687786652273581
6860,2793,Eastern and South-Eastern Asia,Upper Middle,0,2,2,0.8962107248116095
6944,6665,Eastern and South-Eastern Asia,Upper Middle,0,2,2,1.1966234317533038
6985,3325,Eastern and South-Eastern Asia,Upper Middle,0,2,2,1.5704146460661494
7011,2726,Eastern and South-Eastern Asia,Upper Middle,0,2,2,0.47425761596379595
7024,7128,Eastern and South-Eastern Asia,Upper Middle,0,2,2,1.2005264306140726
7253,7642,Eastern and South-Eastern Asia,Upper Middle,0,2,2,1.4721369430063276
7548,8689,Eastern and South-Eastern Asia,Upper Middle,1,0,0,0.2612001828487896
8473,7680,Eastern and South-Eastern Asia,Upper Middle,1,0,0,0.5597463806943362
8775,8965,Eastern and South-Eastern Asia,Upper Middle,1,0,0,0.4121173671478288
9095,8979,Eastern and South-Eastern Asia,Upper Middle,1,0,0,0.6889281015913857
9441,9893,Eastern and South-Eastern Asia,Upper Middle,1,0,0,0.25613147122252505
9459,9225,Eastern and South-Eastern Asia,Upper Middle,1,0,0,0.30253922865816385
9507,9851,Eastern and South-Eastern Asia,Upper Middle,1,0,0,0.18237375518852422
9707,9887,Eastern and South-Eastern Asia,Upper Middle,1,0,0,0.5990395398051316
10647,10329,Eastern and South-Eastern Asia,Upper Middle,1,0,1,0.8686963556477515
6248,5519,Eastern and South-Eastern Asia,Upper Middle,1,0,1,1.9858628171174737
8193,5766,Eastern and South-Eastern Asia,Upper Middle,1,0,1,1.4994699541813914
8415,10431,Eastern and South-Eastern Asia,Upper Middle,1,0,1,0.9378098218047073
10195,9649,Eastern and South-Eastern Asia,Upper Middle,1,1,0,0.46893242842259253
9211,9213,Eastern and South-Eastern Asia,Upper Middle,1,1,0,0.8064803809503153
9333,10391,Eastern and South-Eastern Asia,Upper Middle,1,1,0,0.6720316627709696
9343,9209,Eastern and South-Eastern Asia,Upper Middle,1,1,0,0.1637385179100235
9365,9463,Eastern and South-Eastern Asia,Upper Middle,1,1,0,0.1565826531980131
9369,9245,Eastern and South-Eastern Asia,Upper Middle,1,1,0,0.23286819727967797
9379,9269,Eastern and South-Eastern Asia,Upper Middle,1,1,0,0.7896221612427774
9403,9491,Eastern and South-Eastern Asia,Upper Middle,1,1,0,0.44795027209585986
9433,9607,Eastern and South-Eastern Asia,Upper Middle,1,1,0,1.0373449697459929
9465,10893,Eastern and South-Eastern Asia,Upper Middle,1,1,0,0.8045449968647281
9493,9425,Eastern and South-Eastern Asia,Upper Middle,1,1,0,0.25785400510723605
9525,9337,Eastern and South-Eastern Asia,Upper Middle,1,1,0,0.652401280666611
9529,9473,Eastern and South-Eastern Asia,Upper Middle,1,1,0,1.1324901724058833
9539,9195,Eastern and South-Eastern Asia,Upper Middle,1,1,0,0.5827463159616219
9545,9381,Eastern and South-Eastern Asia,Upper Middle,1,1,0,0.39503473444985093
9563,9239,Eastern and South-Eastern Asia,Upper Middle,1,1,0,1.055144378760759
9581,9147,Eastern and South-Eastern Asia,Upper Middle,1,1,0,1.1534629355999488
9629,9181,Eastern and South-Eastern Asia,Upper Middle,1,1,0,0.6736696981862343
9631,9289,Eastern and South-Eastern Asia,Upper Middle,1,1,0,0.7253034825651612
9643,9307,Eastern and South-Eastern Asia,Upper Middle,1,1,0,0.7775435511743221
9679,9347,Eastern and South-Eastern Asia,Upper Middle,1,1,0,1.1091178822523038
9727,9549,Eastern and South-Eastern Asia,Upper Middle,1,1,0,0.3615081011161355
9785,9353,Eastern and South-Eastern Asia,Upper Middle,1,1,0,1.064079775133002
9817,9967,Eastern and South-Eastern Asia,Upper Middle,1,1,0,0.597137579324035
9847,10209,Eastern and South-Eastern Asia,Upper Middle,1,1,0,1.2582552041011776
9923,9695,Eastern and South-Eastern Asia,Upper Middle,1,1,0,0.5019446300454441
10509,11327,Eastern and South-Eastern Asia,Upper Middle,1,1,1,0.3371958736201251
10527,10669,Eastern and South-Eastern Asia,Upper Middle,1,1,1,0.5629211297743382
10557,10479,Eastern and South-Eastern Asia,Upper Middle,1,1,1,0.8720402743950753
10689,11305,Eastern and South-Eastern Asia,Upper Middle,1,1,1,0.5551765201174658
10711,10935,Eastern and South-Eastern Asia,Upper Middle,1,1,1,0.9123641957150426
10733,11085,Eastern and South-Eastern Asia,Upper Middle,1,1,1,0.676818385503361
10745,7485,Eastern and South-Eastern Asia,Upper Middle,1,1,1,1.1070795095288393
10841,10519,Eastern and South-Eastern Asia,Upper Middle,1,1,1,0.9033459668934578
11129,10149,Eastern and South-Eastern Asia,Upper Middle,1,1,1,0.6603024249311072
11163,11445,Eastern and South-Eastern Asia,Upper Middle,1,1,1,0.4532957431150769
11193,11161,Eastern and South-Eastern Asia,Upper Middle,1,1,1,0.7302362933938058
11421,10693,Eastern and South-Eastern Asia,Upper Middle,1,1,1,0.8062790014491514
11561,10983,Eastern and South-Eastern Asia,Upper Middle,1,1,1,0.7504578401329132
6649,11367,Eastern and South-Eastern Asia,Upper Middle,1,1,1,1.1507999724273645
9449,7010,Eastern and South-Eastern Asia,Upper Middle,1,1,1,1.7917631071437417
9527,10181,Eastern and South-Eastern Asia,Upper Middle,1,1,1,0.7864773940247024
9583,10071,Eastern and South-Eastern Asia,Upper Middle,1,1,1,0.7308013905777455
9875,11357,Eastern and South-Eastern Asia,Upper Middle,1,1,1,0.9255174469451657
9883,10977,Eastern and South-Eastern Asia,Upper Middle,1,1,1,0.466322114190473
9937,7740,Eastern and South-Eastern Asia,Upper Middle,1,1,1,1.5812113712369809
9973,10855,Eastern and South-Eastern Asia,Upper Middle,1,1,1,0.3795534230099035
9977,10339,Eastern and South-Eastern Asia,Upper Middle,1,1,1,0.5697198992290426
9989,6529,Eastern and South-Eastern Asia,Upper Middle,1,1,1,1.7873808074111932
10103,10825,Eastern and South-Eastern Asia,Upper Middle,1,1,2,0.6933970892513376
10271,10877,Eastern and South-Eastern Asia,Upper Middle,1,1,2,0.5586760320197328
10495,10257,Eastern and South-Eastern Asia,Upper Middle,1,1,2,0.6098693411488162
10513,10795,Eastern and South-Eastern Asia,Upper Middle,1,1,2,0.5309317123675159
10535,10899,Eastern and South-Eastern Asia,Upper Middle,1,1,2,0.5940355560102492
10623,11143,Eastern and South-Eastern Asia,Upper Middle,1,1,2,0.6067625339659952
10723,10185,Eastern and South-Eastern Asia,Upper Middle,1,1,2,0.2308690440314085
10997,10539,Eastern and South-Eastern Asia,Upper Middle,1,1,2,0.4942621785644421
11009,8739,Eastern and South-Eastern Asia,Upper Middle,1,1,2,0.7151013159610716
11017,11471,Eastern and South-Eastern Asia,Upper Middle,1,1,2,0.4119755780635964
11147,10309,Eastern and South-Eastern Asia,Upper Middle,1,1,2,0.4030221960563517
11171,11654,Eastern and South-Eastern Asia,Upper Middle,1,1,2,0.9823758411781783
11265,11657,Eastern and South-Eastern Asia,Upper Middle,1,1,2,0.49079291268138303
11299,8717,Eastern and South-Eastern Asia,Upper Middle,1,1,2,0.48144259706002046
11347,9917,Eastern and South-Eastern Asia,Upper Middle,1,1,2,0.6427374072473888
11401,10897,Eastern and South-Eastern Asia,Upper Middle,1,1,2,0.4027689392067408
11457,9895,Eastern and South-Eastern Asia,Upper Middle,1,1,2,0.6436659280210253
11461,11411,Eastern and South-Eastern Asia,Upper Middle,1,1,2,0.4965861153762815
11499,11681,Eastern and South-Eastern Asia,Upper Middle,1,1,2,0.7361481213778652
11509,9635,Eastern and South-Eastern Asia,Upper Middle,1,1,2,0.5662294938990606
11553,11664,Eastern and South-Eastern Asia,Upper Middle,1,1,2,0.7519928178252809
11601,9815,Eastern and South-Eastern Asia,Upper Middle,1,1,2,0.9026587053272066
11605,10777,Eastern and South-Eastern Asia,Upper Middle,1,1,2,0.6395737175297292
11609,8289,Eastern and South-Eastern Asia,Upper Middle,1,1,2,0.9757407055696573
11638,11649,Eastern and South-Eastern Asia,Upper Middle,1,1,2,0.4325726980805053
5343,10729,Eastern and South-Eastern Asia,Upper Middle,1,1,2,0.37752430372416235
5706,8116,Eastern and South-Eastern Asia,Upper Middle,1,1,2,1.7335475812054968
8301,8993,Eastern and South-Eastern Asia,Upper Middle,1,1,2,1.0852922686262534
8533,10037,Eastern and South-Eastern Asia,Upper Middle,1,1,2,0.8918683173693814
8765,9071,Eastern and South-Eastern Asia,Upper Middle,1,1,2,1.1701444673931114
9535,11375,Eastern and South-Eastern Asia,Upper Middle,1,1,2,1.0770807277425707
9567,11383,Eastern and South-Eastern Asia,Upper Middle,1,1,2,0.45852485341502974
9613,10197,Eastern and South-Eastern Asia,Upper Middle,1,1,2,0.41840000614200235
9659,11449,Eastern and South-Eastern Asia,Upper Middle,1,1,2,0.7984591485123739
9865,9789,Eastern and South-Eastern Asia,Upper Middle,1,1,2,0.48647402758423886
9957,11627,Eastern and South-Eastern Asia,Upper Middle,1,1,2,0.592416321289276
340,2662,Eastern and South-Eastern Asia,Upper Middle,1,2,0,1.2314260725493709
7341,7839,Eastern and South-Eastern Asia,Upper Middle,1,2,0,0.9806916259581082
3320,3916,Eastern and South-Eastern Asia,Upper Middle,1,2,1,0.5302337409837385
7330,7193,Eastern and South-Eastern Asia,Upper Middle,1,2,1,0.6954087142113785
1451,5061,Eastern and South-Eastern Asia,Upper Middle,1,2,2,1.8680643007947844
5727,6075,Eastern and South-Eastern Asia,Upper Middle,1,2,2,1.1844437994997905
7037,7720,Eastern and South-Eastern Asia,Upper Middle,1,2,2,1.383992550008307
7180,7634,Eastern and South-Eastern Asia,Upper Middle,1,2,2,1.487588513908341
7206,6972,Eastern and South-Eastern Asia,Upper Middle,1,2,2,0.9517061737933086
7824,9125,Eastern and South-Eastern Asia,Upper Middle,2,0,0,0.44330153462988897
9073,8913,Eastern and South-Eastern Asia,Upper Middle,2,0,0,0.6823728842789352
9105,9027,Eastern and South-Eastern Asia,Upper Middle,2,0,0,0.5094272164335697
9131,9599,Eastern and South-Eastern Asia,Upper Middle,2,0,0,0.8639549784411463
9395,8271,Eastern and South-Eastern Asia,Upper Middle,2,0,0,0.37474721846659975
9427,9561,Eastern and South-Eastern Asia,Upper Middle,2,0,0,0.17860035473149016
9501,8649,Eastern and South-Eastern Asia,Upper Middle,2,0,0,0.3155328811364164
9763,9393,Eastern and South-Eastern Asia,Upper Middle,2,0,0,0.5119991257240735
10333,10007,Eastern and South-Eastern Asia,Upper Middle,2,0,1,0.378146223441027
10345,10141,Eastern and South-Eastern Asia,Upper Middle,2,0,1,0.3089591553092003
10705,8751,Eastern and South-Eastern Asia,Upper Middle,2,0,1,0.5097965934654237
7566,10193,Eastern and South-Eastern Asia,Upper Middle,2,0,1,0.7319538056891488
9033,5907,Eastern and South-Eastern Asia,Upper Middle,2,0,1,1.6757142591049037
7274,10435,Eastern and South-Eastern Asia,Upper Middle,2,0,2,3.149001648654126
10043,9305,Eastern and South-Eastern Asia,Upper Middle,2,1,0,0.6210734183361495
10129,10163,Eastern and South-Eastern Asia,Upper Middle,2,1,0,0.9646242409337547
9359,7978,Eastern and South-Eastern Asia,Upper Middle,2,1,0,0.48206187722037613
9503,9279,Eastern and South-Eastern Asia,Upper Middle,2,1,0,0.3139782198011251
9513,8103,Eastern and South-Eastern Asia,Upper Middle,2,1,0,0.7642580601063823
9611,9401,Eastern and South-Eastern Asia,Upper Middle,2,1,0,0.5455583073791391
9617,8163,Eastern and South-Eastern Asia,Upper Middle,2,1,0,0.8642704966433687
9733,9217,Eastern and South-Eastern Asia,Upper Middle,2,1,0,0.7069868770251536
9805,11575,Eastern and South-Eastern Asia,Upper Middle,2,1,0,1.9929383100169358
9839,10221,Eastern and South-Eastern Asia,Upper Middle,2,1,0,1.0161911690788856
9935,10719,Eastern and South-Eastern Asia,Upper Middle,2,1,0,0.5643553885254547
9999,9469,Eastern and South-Eastern Asia,Upper Middle,2,1,0,0.8413826026559665
10075,6298,Eastern and South-Eastern Asia,Upper Middle,2,1,1,3.0758113306222903
10239,11257,Eastern and South-Eastern Asia,Upper Middle,2,1,1,0.717950075509433
10249,7664,Eastern and South-Eastern Asia,Upper Middle,2,1,1,0.6778583135919549
10425,11307,Eastern and South-Eastern Asia,Upper Middle,2,1,1,0.41089344852145565
10659,7402,Eastern and South-Eastern Asia,Upper Middle,2,1,1,3.3532631590858264
10725,7512,Eastern and South-Eastern Asia,Upper Middle,2,1,1,0.7320471234104486
10757,10147,Eastern and South-Eastern Asia,Upper Middle,2,1,1,0.3917283467886453
10817,7957,Eastern and South-Eastern Asia,Upper Middle,2,1,1,4.489848092567578
11021,11263,Eastern and South-Eastern Asia,Upper Middle,2,1,1,0.5199954599440412
11039,11247,Eastern and South-Eastern Asia,Upper Middle,2,1,1,0.5056518573620955
11043,10971,Eastern and South-Eastern Asia,Upper Middle,2,1,1,0.49747826058336275
11069,11429,Eastern and South-Eastern Asia,Upper Middle,2,1,1,0.8592366881733267
11123,10929,Eastern and South-Eastern Asia,Upper Middle,2,1,1,0.9966468713170886
11151,11033,Eastern and South-Eastern Asia,Upper Middle,2,1,1,0.5747953846407153
11547,11675,Eastern and South-Eastern Asia,Upper Middle,2,1,1,0.4881029680134228
11597,10699,Eastern and South-Eastern Asia,Upper Middle,2,1,1,1.1942485826076017
6859,10967,Eastern and South-Eastern Asia,Upper Middle,2,1,1,1.4618204104899617
6901,6619,Eastern and South-Eastern Asia,Upper Middle,2,1,1,0.7586288710286324
9231,10861,Eastern and South-Eastern Asia,Upper Middle,2,1,1,0.5065686502729042
9615,11189,Eastern and South-Eastern Asia,Upper Middle,2,1,1,0.7980682571826326
9687,10919,Eastern and South-Eastern Asia,Upper Middle,2,1,1,0.4505540528430153
9769,11437,Eastern and South-Eastern Asia,Upper Middle,2,1,1,0.6489969570531436
9867,11191,Eastern and South-Eastern Asia,Upper Middle,2,1,1,0.30467987352554166
9955,10077,Eastern and South-Eastern Asia,Upper Middle,2,1,1,0.328127344657943
9979,10123,Eastern and South-Eastern Asia,Upper Middle,2,1,1,0.35593261311321905
9983,11287,Eastern and South-Eastern Asia,Upper Middle,2,1,1,0.521830234161207
10019,10675,Eastern and South-Eastern Asia,Upper Middle,2,1,2,1.5872278318688053
10091,10865,Eastern and South-Eastern Asia,Upper Middle,2,1,2,1.3726904062808083
10115,10231,Eastern and South-Eastern Asia,Upper Middle,2,1,2,1.1931309367046854
10157,11603,Eastern and South-Eastern Asia,Upper Middle,2,1,2,0.5161756981786638
10161,8569,Eastern and South-Eastern Asia,Upper Middle,2,1,2,1.3010707374369845
10211,10285,Eastern and South-Eastern Asia,Upper Middle,2,1,2,1.7720218649053998
10227,10883,Eastern and South-Eastern Asia,Upper Middle,2,1,2,0.6368782939535442
10413,11680,Eastern and South-Eastern Asia,Upper Middle,2,1,2,1.3387720247305408
11031,10955,Eastern and South-Eastern Asia,Upper Middle,2,1,2,0.40149906896294657
11119,11645,Eastern and South-Eastern Asia,Upper Middle,2,1,2,0.7918719655945092
11237,10021,Eastern and South-Eastern Asia,Upper Middle,2,1,2,0.6448263169002628
11275,10215,Eastern and South-Eastern Asia,Upper Middle,2,1,2,0.5539472625683043
11285,8027,Eastern and South-Eastern Asia,Upper Middle,2,1,2,0.8961218974405529
11297,10151,Eastern and South-Eastern Asia,Upper Middle,2,1,2,0.49148044340035274
11329,11639,Eastern and South-Eastern Asia,Upper Middle,2,1,2,0.9143921930717176
11363,10377,Eastern and South-Eastern Asia,Upper Middle,2,1,2,0.600523025900883
11425,10781,Eastern and South-Eastern Asia,Upper Middle,2,1,2,0.5800699855327122
11501,10005,Eastern and South-Eastern Asia,Upper Middle,2,1,2,0.3089291285407168
11513,11641,Eastern and South-Eastern Asia,Upper Middle,2,1,2,0.6233860387215808
11551,8693,Eastern and South-Eastern Asia,Upper Middle,2,1,2,0.6744977997587278
11559,10107,Eastern and South-Eastern Asia,Upper Middle,2,1,2,0.44912236407134115
11567,9061,Eastern and South-Eastern Asia,Upper Middle,2,1,2,0.75133655377738
11613,10889,Eastern and South-Eastern Asia,Upper Middle,2,1,2,0.6926261589536963
11633,11235,Eastern and South-Eastern Asia,Upper Middle,2,1,2,0.8092133436333657
5850,9941,Eastern and South-Eastern Asia,Upper Middle,2,1,2,2.7879507409280144
8341,8175,Eastern and South-Eastern Asia,Upper Middle,2,1,2,0.6402961377260145
8361,9931,Eastern and South-Eastern Asia,Upper Middle,2,1,2,0.773559493728345
8621,10011,Eastern and South-Eastern Asia,Upper Middle,2,1,2,0.7794534197278776
8695,11670,Eastern and South-Eastern Asia,Upper Middle,2,1,2,0.7341242338988684
9927,8581,Eastern and South-Eastern Asia,Upper Middle,2,1,2,0.7113232524812895
9963,11051,Eastern and South-Eastern Asia,Upper Middle,2,1,2,1.5199240844287305
9975,8605,Eastern and South-Eastern Asia,Upper Middle,2,1,2,1.4683956496568658
493,11055,Eastern and South-Eastern Asia,Upper Middle,2,2,1,0.9905874414221524
7218,6129,Eastern and South-Eastern Asia,Upper Middle,2,2,1,0.516107246867223
7242,7076,Eastern and South-Eastern Asia,Upper Middle,2,2,1,0.7778231453963066
7682,7610,Eastern and South-Eastern Asia,Upper Middle,2,2,1,0.851512671727046
6650,8440,Eastern and South-Eastern Asia,Upper Middle,2,2,2,1.8055423855586645
6800,6740,Eastern and South-Eastern Asia,Upper Middle,2,2,2,1.0664583343180263
7063,6347,Eastern and South-Eastern Asia,Upper Middle,2,2,2,0.707521334908671
7089,7540,Eastern and South-Eastern Asia,Upper Middle,2,2,2,1.0699714358413257
7264,7102,Eastern and South-Eastern Asia,Upper Middle,2,2,2,0.7828737478128359
7888,10537,Eastern and South-Eastern Asia,Upper Middle,2,2,2,1.1419808976962946
10253,10183,Eastern and South-Eastern Asia,Upper Middle,3,0,0,0.3379648274652449
8331,9175,Eastern and South-Eastern Asia,Upper Middle,3,0,0,0.584493448354639
8947,8929,Eastern and South-Eastern Asia,Upper Middle,3,0,0,0.22190351148954401
8999,9069,Eastern and South-Eastern Asia,Upper Middle,3,0,0,0.760064812974233
9051,9271,Eastern and South-Eastern Asia,Upper Middle,3,0,0,0.35541220461938156
9109,9159,Eastern and South-Eastern Asia,Upper Middle,3,0,0,0.6201797011206723
9133,9139,Eastern and South-Eastern Asia,Upper Middle,3,0,0,0.5251148244675329
9149,9683,Eastern and South-Eastern Asia,Upper Middle,3,0,0,0.604335335298198
9233,8439,Eastern and South-Eastern Asia,Upper Middle,3,0,0,0.6092644752904867
9291,9227,Eastern and South-Eastern Asia,Upper Middle,3,0,0,0.33585444392565394
9723,9101,Eastern and South-Eastern Asia,Upper Middle,3,0,0,0.23758271886469765
9725,10177,Eastern and South-Eastern Asia,Upper Middle,3,0,0,0.36298504299000145
9795,9773,Eastern and South-Eastern Asia,Upper Middle,3,0,0,0.4508406362666505
9829,9953,Eastern and South-Eastern Asia,Upper Middle,3,0,0,0.49503219481520927
9859,9043,Eastern and South-Eastern Asia,Upper Middle,3,0,0,0.5281618219725746
9959,10105,Eastern and South-Eastern Asia,Upper Middle,3,0,0,0.3738045109404302
9971,9055,Eastern and South-Eastern Asia,Upper Middle,3,0,0,0.5853831925295615
9995,10381,Eastern and South-Eastern Asia,Upper Middle,3,0,0,0.3793872136053491
10235,10069,Eastern and South-Eastern Asia,Upper Middle,3,0,1,1.1207893879308128
10573,10261,Eastern and South-Eastern Asia,Upper Middle,3,0,1,0.7219556191142034
10657,9919,Eastern and South-Eastern Asia,Upper Middle,3,0,1,0.42693711076095925
9255,9355,Eastern and South-Eastern Asia,Upper Middle,3,1,0,0.20927819016903684
9399,11349,Eastern and South-Eastern Asia,Upper Middle,3,1,0,1.3884376289639564
9739,9243,Eastern and South-Eastern Asia,Upper Middle,3,1,0,0.3778210583741029
9787,11571,Eastern and South-Eastern Asia,Upper Middle,3,1,0,1.7460638655635803
10003,11231,Eastern and South-Eastern Asia,Upper Middle,3,1,1,0.9390418762202117
10207,6330,Eastern and South-Eastern Asia,Upper Middle,3,1,1,3.506771136673304
10545,10503,Eastern and South-Eastern Asia,Upper Middle,3,1,1,0.2495506358263902
10611,7422,Eastern and South-Eastern Asia,Upper Middle,3,1,1,0.9029923241092548
10627,6634,Eastern and South-Eastern Asia,Upper Middle,3,1,1,2.360288501235932
10909,6829,Eastern and South-Eastern Asia,Upper Middle,3,1,1,1.7460582662697282
11037,10925,Eastern and South-Eastern Asia,Upper Middle,3,1,1,0.45778187847658103
11057,11473,Eastern and South-Eastern Asia,Upper Middle,3,1,1,0.5174064071663098
11077,7831,Eastern and South-Eastern Asia,Upper Middle,3,1,1,1.543131043605662
11081,11121,Eastern and South-Eastern Asia,Upper Middle,3,1,1,0.291411684076482
11105,8133,Eastern and South-Eastern Asia,Upper Middle,3,1,1,1.6570347931365879
11243,11063,Eastern and South-Eastern Asia,Upper Middle,3,1,1,0.6684195621141309
11321,11373,Eastern and South-Eastern Asia,Upper Middle,3,1,1,1.0842358174494304
11387,11227,Eastern and South-Eastern Asia,Upper Middle,3,1,1,0.35642252820554277
7101,6265,Eastern and South-Eastern Asia,Upper Middle,3,1,1,4.263974813990671
7936,11277,Eastern and South-Eastern Asia,Upper Middle,3,1,1,0.43223714718995143
9831,6394,Eastern and South-Eastern Asia,Upper Middle,3,1,1,3.9726943494843545
10189,11417,Eastern and South-Eastern Asia,Upper Middle,3,1,2,1.0301461249119281
10453,6109,Eastern and South-Eastern Asia,Upper Middle,3,1,2,3.208942110017621
10493,11660,Eastern and South-Eastern Asia,Upper Middle,3,1,2,0.7374622389887956
10565,9969,Eastern and South-Eastern Asia,Upper Middle,3,1,2,0.830242471875339
10857,10769,Eastern and South-Eastern Asia,Upper Middle,3,1,2,1.212032073222399
10871,10679,Eastern and South-Eastern Asia,Upper Middle,3,1,2,0.6018887277352283
11099,11145,Eastern and South-Eastern Asia,Upper Middle,3,1,2,1.4091945114182873
11135,8423,Eastern and South-Eastern Asia,Upper Middle,3,1,2,1.1772943829991775
11179,10159,Eastern and South-Eastern Asia,Upper Middle,3,1,2,0.7838181391942394
11233,11395,Eastern and South-Eastern Asia,Upper Middle,3,1,2,0.8509269383547384
11303,11519,Eastern and South-Eastern Asia,Upper Middle,3,1,2,1.0394072940272832
11353,7901,Eastern and South-Eastern Asia,Upper Middle,3,1,2,1.7978977632903863
11381,11656,Eastern and South-Eastern Asia,Upper Middle,3,1,2,0.6269051578447541
11385,10849,Eastern and South-Eastern Asia,Upper Middle,3,1,2,1.055296559298583
11397,11655,Eastern and South-Eastern Asia,Upper Middle,3,1,2,0.8903962023421211
11399,11527,Eastern and South-Eastern Asia,Upper Middle,3,1,2,0.7364363277265893
11469,10289,Eastern and South-Eastern Asia,Upper Middle,3,1,2,0.591245868003117
11487,10173,Eastern and South-Eastern Asia,Upper Middle,3,1,2,0.9596925319513979
11531,10957,Eastern and South-Eastern Asia,Upper Middle,3,1,2,0.7630214474756363
11535,11676,Eastern and South-Eastern Asia,Upper Middle,3,1,2,0.5971624923061247
11577,11682,Eastern and South-Eastern Asia,Upper Middle,3,1,2,0.38011084421594643
11585,11637,Eastern and South-Eastern Asia,Upper Middle,3,1,2,0.3826551634052055
11589,8781,Eastern and South-Eastern Asia,Upper Middle,3,1,2,1.065406826978671
11599,11642,Eastern and South-Eastern Asia,Upper Middle,3,1,2,0.7092320057535034
11617,8518,Eastern and South-Eastern Asia,Upper Middle,3,1,2,1.4486754934866546
11629,11625,Eastern and South-Eastern Asia,Upper Middle,3,1,2,0.3092134725222086
11644,9591,Eastern and South-Eastern Asia,Upper Middle,3,1,2,1.398124865854151
5890,3154,Eastern and South-Eastern Asia,Upper Middle,3,1,2,1.8546659178367761
6589,6091,Eastern and South-Eastern Asia,Upper Middle,3,1,2,1.2328428354284886
8637,11377,Eastern and South-Eastern Asia,Upper Middle,3,1,2,0.9612825314483089
9735,10213,Eastern and South-Eastern Asia,Upper Middle,3,1,2,0.5364600767394557
7383,7531,Eastern and South-Eastern Asia,Upper Middle,3,2,0,1.448815863271289
1135,2532,Eastern and South-Eastern Asia,Upper Middle,3,2,1,0.8150890404276159
3585,2790,Eastern and South-Eastern Asia,Upper Middle,3,2,1,1.1503847707135069
4088,7393,Eastern and South-Eastern Asia,Upper Middle,3,2,1,1.1564547158437704
6057,6111,Eastern and South-Eastern Asia,Upper Middle,3,2,1,1.8137969805155159
6888,7674,Eastern and South-Eastern Asia,Upper Middle,3,2,1,2.1267563274448755
7495,10791,Eastern and South-Eastern Asia,Upper Middle,3,2,1,1.7430833699749324
10903,10961,Eastern and South-Eastern Asia,Upper Middle,3,2,2,0.6734279721407452
1137,1740,Eastern and South-Eastern Asia,Upper Middle,3,2,2,0.7282647040995831
3375,10507,Eastern and South-Eastern Asia,Upper Middle,3,2,2,1.95940240624761
5423,2665,Eastern and South-Eastern Asia,Upper Middle,3,2,2,0.805786877289959
5497,6500,Eastern and South-Eastern Asia,Upper Middle,3,2,2,1.8811841617615095
5928,6620,Eastern and South-Eastern Asia,Upper Middle,3,2,2,1.0365176159351905
635,10639,Eastern and South-Eastern Asia,Upper Middle,3,2,2,1.8671498956567691
6815,5870,Eastern and South-Eastern Asia,Upper Middle,3,2,2,1.469886767156646
6830,2080,Eastern and South-Eastern Asia,Upper Middle,3,2,2,1.5348310547640562
7154,6331,Eastern and South-Eastern Asia,Upper Middle,3,2,2,0.8662645536191066
7167,343,Eastern and South-Eastern Asia,Upper Middle,3,2,2,1.192364000203054
7286,2465,Eastern and South-Eastern Asia,Upper Middle,3,2,2,1.5047707996192232
7297,1449,Eastern and South-Eastern Asia,Upper Middle,3,2,2,1.4005073869877032
10073,8895,Eastern and South-Eastern Asia,Upper Middle,4,0,0,1.224028772054078
10169,9215,Eastern and South-Eastern Asia,Upper Middle,4,0,0,0.7718410152290978
10281,10353,Eastern and South-Eastern Asia,Upper Middle,4,0,0,0.4449844534961525
10283,8677,Eastern and South-Eastern Asia,Upper Middle,4,0,0,1.11348615800846
10361,9543,Eastern and South-Eastern Asia,Upper Middle,4,0,0,0.8980919154223724
8326,5847,Eastern and South-Eastern Asia,Upper Middle,4,0,0,1.311745243502635
8745,2659,Eastern and South-Eastern Asia,Upper Middle,4,0,0,1.7987113914062691
8789,4655,Eastern and South-Eastern Asia,Upper Middle,4,0,0,1.3173864187629358
8853,2787,Eastern and South-Eastern Asia,Upper Middle,4,0,0,1.173005198715732
8879,894,Eastern and South-Eastern Asia,Upper Middle,4,0,0,0.9483942282004821
8903,3780,Eastern and South-Eastern Asia,Upper Middle,4,0,0,1.1921128789478808
8975,8783,Eastern and South-Eastern Asia,Upper Middle,4,0,0,0.41981347906234234
8981,9521,Eastern and South-Eastern Asia,Upper Middle,4,0,0,0.5362431774015837
9229,4356,Eastern and South-Eastern Asia,Upper Middle,4,0,0,0.987498439613469
9351,9281,Eastern and South-Eastern Asia,Upper Middle,4,0,0,0.4314002520032107
9603,10113,Eastern and South-Eastern Asia,Upper Middle,4,0,0,0.9159487110583965
9693,9757,Eastern and South-Eastern Asia,Upper Middle,4,0,0,0.26442728113760405
9731,9489,Eastern and South-Eastern Asia,Upper Middle,4,0,0,0.5589457622729791
9801,9251,Eastern and South-Eastern Asia,Upper Middle,4,0,0,0.3816612881230191
9861,8737,Eastern and South-Eastern Asia,Upper Middle,4,0,0,1.1690082684556886
10125,9899,Eastern and South-Eastern Asia,Upper Middle,4,0,1,1.4110333091359286
10199,10585,Eastern and South-Eastern Asia,Upper Middle,4,0,1,1.2850536091722258
10441,9921,Eastern and South-Eastern Asia,Upper Middle,4,0,1,1.071537425892904
10449,9637,Eastern and South-Eastern Asia,Upper Middle,4,0,1,1.7608432231662943
10805,10259,Eastern and South-Eastern Asia,Upper Middle,4,0,1,0.29230487604618366
5827,9879,Eastern and South-Eastern Asia,Upper Middle,4,0,1,0.8826861247031581
6943,9845,Eastern and South-Eastern Asia,Upper Middle,4,0,1,0.8767026571025796
7775,10025,Eastern and South-Eastern Asia,Upper Middle,4,0,1,1.7120415747829045
8006,9881,Eastern and South-Eastern Asia,Upper Middle,4,0,1,1.7192704845277356
9779,9445,Eastern and South-Eastern Asia,Upper Middle,4,0,1,0.9632182025045919
8485,10433,Eastern and South-Eastern Asia,Upper Middle,4,0,2,2.6312102365211416
10127,10543,Eastern and South-Eastern Asia,Upper Middle,4,1,1,0.35012584736093844
10305,10437,Eastern and South-Eastern Asia,Upper Middle,4,1,1,0.5431413966471123
10397,11259,Eastern and South-Eastern Asia,Upper Middle,4,1,1,0.6442501704911977
10753,10483,Eastern and South-Eastern Asia,Upper Middle,4,1,1,0.43934764032325674
11003,11593,Eastern and South-Eastern Asia,Upper Middle,4,1,1,0.7350476144627763
10041,8336,Eastern and South-Eastern Asia,Upper Middle,4,1,2,0.9287740647454961
10093,8435,Eastern and South-Eastern Asia,Upper Middle,4,1,2,1.0480219900879986
10323,11489,Eastern and South-Eastern Asia,Upper Middle,4,1,2,0.6486361097321618
10463,11651,Eastern and South-Eastern Asia,Upper Middle,4,1,2,0.6783394498639173
10489,10267,Eastern and South-Eastern Asia,Upper Middle,4,1,2,0.7477091970671934
10645,8512,Eastern and South-Eastern Asia,Upper Middle,4,1,2,0.4672408781836503
10663,8945,Eastern and South-Eastern Asia,Upper Middle,4,1,2,1.0615783811104882
10779,9633,Eastern and South-Eastern Asia,Upper Middle,4,1,2,0.6117154566010291
10863,10241,Eastern and South-Eastern Asia,Upper Middle,4,1,2,0.6895201460948508
11211,6769,Eastern and South-Eastern Asia,Upper Middle,4,1,2,2.554791170103261
11317,8572,Eastern and South-Eastern Asia,Upper Middle,4,1,2,0.8690825560819597
11409,11615,Eastern and South-Eastern Asia,Upper Middle,4,1,2,0.6863812912736285
11439,10191,Eastern and South-Eastern Asia,Upper Middle,4,1,2,0.7864528557684668
11653,8909,Eastern and South-Eastern Asia,Upper Middle,4,1,2,1.6221672437256434
8169,11169,Eastern and South-Eastern Asia,Upper Middle,4,1,2,1.1827575585033028
8419,6971,Eastern and South-Eastern Asia,Upper Middle,4,1,2,1.3727809836216485
7275,7867,Eastern and South-Eastern Asia,Upper Middle,4,2,0,1.293198245687316
7352,7902,Eastern and South-Eastern Asia,Upper Middle,4,2,0,1.056052936986617
10937,10223,Eastern and South-Eastern Asia,Upper Middle,4,2,1,1.2005401659274482
11407,11079,Eastern and South-Eastern Asia,Upper Middle,4,2,1,1.8782124099483144
173,8218,Eastern and South-Eastern Asia,Upper Middle,4,2,1,0.8848307255234921
5985,6485,Eastern and South-Eastern Asia,Upper Middle,4,2,1,1.649310209392471
6215,5398,Eastern and South-Eastern Asia,Upper Middle,4,2,1,1.1004974232208828
6845,6181,Eastern and South-Eastern Asia,Upper Middle,4,2,1,1.7277320103499023
7308,3429,Eastern and South-Eastern Asia,Upper Middle,4,2,1,1.7481313969829264
7413,7513,Eastern and South-Eastern Asia,Upper Middle,4,2,1,1.0463916081833031
7459,7783,Eastern and South-Eastern Asia,Upper Middle,4,2,1,1.7472290314078769
7468,11155,Eastern and South-Eastern Asia,Upper Middle,4,2,1,2.2660872398131633
7626,11209,Eastern and South-Eastern Asia,Upper Middle,4,2,1,1.9423142528898285
7658,11507,Eastern and South-Eastern Asia,Upper Middle,4,2,1,3.0442403758537844
10325,10615,Eastern and South-Eastern Asia,Upper Middle,4,2,2,1.133617351901374
10651,10683,Eastern and South-Eastern Asia,Upper Middle,4,2,2,1.3915748381948998
10835,10851,Eastern and South-Eastern Asia,Upper Middle,4,2,2,0.4993955985353995
11173,11207,Eastern and South-Eastern Asia,Upper Middle,4,2,2,1.508617030504683
1351,495,Eastern and South-Eastern Asia,Upper Middle,4,2,2,1.3030721048165232
1646,3096,Eastern and South-Eastern Asia,Upper Middle,4,2,2,2.249953439907356
1648,2979,Eastern and South-Eastern Asia,Upper Middle,4,2,2,2.1522374607884713
2391,7576,Eastern and South-Eastern Asia,Upper Middle,4,2,2,1.5804546354802727
5639,6635,Eastern and South-Eastern Asia,Upper Middle,4,2,2,1.4838369431556675
5748,8284,Eastern and South-Eastern Asia,Upper Middle,4,2,2,3.6378356220603623
5769,2239,Eastern and South-Eastern Asia,Upper Middle,4,2,2,1.0441344870878435
6515,2160,Eastern and South-Eastern Asia,Upper Middle,4,2,2,1.7037167692322486
6785,8035,Eastern and South-Eastern Asia,Upper Middle,4,2,2,2.3742253869453984
6958,5181,Eastern and South-Eastern Asia,Upper Middle,4,2,2,1.1428016440176874
7050,6998,Eastern and South-Eastern Asia,Upper Middle,4,2,2,0.5598320211127615
7790,176,Eastern and South-Eastern Asia,Upper Middle,4,2,2,1.1969573195452363
8242,3380,Eastern and South-Eastern Asia,Upper Middle,4,2,2,1.2402661457179758
9843,10695,Eastern and South-Eastern Asia,Upper Middle,4,2,2,1.3475190784885842
2882,1786,Europe,High income,0,0,0,0.44208035912182464
3850,245,Europe,High income,0,0,0,2.404508173002912
4261,1959,Europe,High income,0,0,0,0.4953622343267997
4915,5009,Europe,High income,0,0,0,0.29884311261801433
5165,4143,Europe,High income,0,0,0,0.5840107887744643
1773,2497,Europe,High income,0,0,1,0.34838133713882713
2345,2420,Europe,High income,0,0,1,0.39435597385911775
242,398,Europe,High income,0,0,1,0.26818763870193557
2491,236,Europe,High income,0,0,1,0.4285866917986417
2758,261,Europe,High income,0,0,1,0.5722890215995624
3119,944,Europe,High income,0,0,1,0.612437043048934
3179,1070,Europe,High income,0,0,1,0.3047226623929407
3342,6367,Europe,High income,0,0,1,0.27294564254701276
3501,6287,Europe,High income,0,0,1,0.33340732235560255
4146,2184,Europe,High income,0,0,1,1.0246900389512152
4377,4066,Europe,High income,0,0,1,0.5319780706402336
4601,4748,Europe,High income,0,0,1,0.3538456625320573
4885,403,Europe,High income,0,0,1,0.6347850518609828
6098,6383,Europe,High income,0,0,1,0.3479721627877454
822,2562,Europe,High income,0,0,1,0.25907487393438455
1189,3752,Europe,High income,0,0,2,1.5247967373198903
2113,544,Europe,High income,0,0,2,1.1777441443274068
2272,1865,Europe,High income,0,0,2,0.6727453440434734
3603,396,Europe,High income,0,0,2,0.5179143710878745
3937,2636,Europe,High income,0,0,2,0.8743330643754844
3939,695,Europe,High income,0,0,2,0.7794342319478058
4299,248,Europe,High income,0,0,2,0.765737687479313
4525,54,Europe,High income,0,0,2,0.8425961021016976
4562,1485,Europe,High income,0,0,2,0.4300265686790307
4599,1954,Europe,High income,0,0,2,1.7124128756540733
561,1857,Europe,High income,0,0,2,0.7885271015640573
568,955,Europe,High income,0,0,2,0.37579002537858697
5690,1785,Europe,High income,0,0,2,0.7469300222747951
694,73,Europe,High income,0,0,2,0.5263904837420302
709,1598,Europe,High income,0,0,2,0.5619765655418848
827,842,Europe,High income,0,0,2,1.3937229884294353
2945,93,Europe,High income,1,0,0,0.7729472387513004
4020,3392,Europe,High income,1,0,0,0.8727277815533537
4221,4707,Europe,High income,1,0,0,0.9633738702567154
949,63,Europe,High income,1,0,0,0.2464004693931022
1947,1179,Europe,High income,1,0,1,0.4246209794468997
2424,699,Europe,High income,1,0,1,0.5874172220481677
3060,6220,Europe,High income,1,0,1,0.2845401716609269
3399,5274,Europe,High income,1,0,1,0.2755784886086633
4141,557,Europe,High income,1,0,1,0.4358729379161281
4413,1080,Europe,High income,1,0,1,0.30771963648137557
4521,4632,Europe,High income,1,0,1,0.28813627694135563
4814,412,Europe,High income,1,0,1,0.4010723976118487
3453,2557,Europe,High income,1,0,2,0.6857253630047497
3711,2274,Europe,High income,1,0,2,0.6543827862596568
3760,3654,Europe,High income,1,0,2,1.779308886583079
409,2036,Europe,High income,1,0,2,0.7379966012742616
4101,681,Europe,High income,1,0,2,0.29104249182945674
6008,1777,Europe,High income,1,0,2,0.9879490278254985
833,95,Europe,High income,1,0,2,0.3606606592016608
834,2876,Europe,High income,1,0,2,0.5140279567435487
1295,4338,Europe,High income,1,1,0,0.7714441349808053
1483,2104,Europe,High income,1,1,0,0.8109192830072235
2495,6044,Europe,High income,2,0,0,0.4036276221513647
3235,2349,Europe,High income,2,0,0,0.5269884412191493
562,2764,Europe,High income,2,0,0,0.912178862449842
1685,2940,Europe,High income,2,0,1,0.3900336109730647
2423,2342,Europe,High income,2,0,1,0.34773844214014654
3063,1385,Europe,High income,2,0,1,0.40057338311279
3345,1681,Europe,High income,2,0,1,0.37992035054457085
3394,5105,Europe,High income,2,0,1,0.42685891679165067
3660,6134,Europe,High income,2,0,1,0.7463100504895367
4100,3704,Europe,High income,2,0,1,1.2860142827536438
5433,3797,Europe,High income,2,0,1,1.378418037242144
5733,4977,Europe,High income,2,0,1,0.23630844204244192
3117,56,Europe,High income,2,0,2,0.7084075815534295
3447,816,Europe,High income,2,0,2,0.44451236751796264
3452,1394,Europe,High income,2,0,2,0.37274132912561125
415,252,Europe,High income,2,0,2,1.5973162599071835
4294,1873,Europe,High income,2,0,2,0.6796312172577601
5190,3454,Europe,High income,2,0,2,0.9219747082310412
540,825,Europe,High income,2,0,2,0.39385891477065577
5796,2696,Europe,High income,2,0,2,0.41788924671399713
284,2749,Europe,High income,2,1,0,0.7526904155331121
3553,4633,Europe,High income,2,1,0,0.40541412224109635
439,4951,Europe,High income,2,1,1,1.0818782034175147
1409,2827,Europe,High income,3,0,0,0.6036524422258769
2033,4059,Europe,High income,3,0,0,0.6693911153027503
2494,2039,Europe,High income,3,0,0,0.733702075983763
3123,551,Europe,High income,3,0,0,1.0193930457044273
3446,2997,Europe,High income,3,0,0,0.9180121217908419
3843,2198,Europe,High income,3,0,0,0.6324644825274103
4978,4450,Europe,High income,3,0,0,0.4439866973719606
6186,3498,Europe,High income,3,0,0,1.041969793617789
689,4017,Europe,High income,3,0,0,0.4732775829741245
249,558,Europe,High income,3,0,1,0.4231074502549167
2694,2556,Europe,High income,3,0,1,0.9065353034281575
2752,4710,Europe,High income,3,0,1,0.8111533731986824
3801,4746,Europe,High income,3,0,1,0.5791894051042001
4412,542,Europe,High income,3,0,1,0.5418293779235889
4527,4140,Europe,High income,3,0,1,0.7899824969104784
1073,1943,Europe,High income,3,0,2,0.7140293421566442
247,2488,Europe,High income,3,0,2,0.6923849855150145
4260,406,Europe,High income,3,0,2,0.956006715103324
5972,950,Europe,High income,3,0,2,0.4417791866829097
1870,5194,Europe,High income,3,1,0,0.472819924141462
2812,1855,Europe,High income,3,1,0,1.11564072946467
4182,4333,Europe,High income,4,0,0,1.1081551633259095
75,572,Europe,High income,4,0,0,1.2882028032687534
1402,102,Europe,High income,4,0,1,0.8484703576954343
3400,698,Europe,High income,4,0,1,0.5439160901203124
5218,5915,Europe,High income,4,0,1,0.28182718627221265
5304,99,Europe,High income,4,0,1,1.1016407225646307
5071,4376,Europe,High income,4,1,0,1.7246094316729572
854,3115,Europe,High income,4,1,0,1.7740481177956944
2702,2506,Europe,Lower Middle,0,0,1,0.41407022952230443
581,4345,Europe,Lower Middle,0,0,1,0.9454381926152478
849,2434,Europe,Lower Middle,0,0,1,1.3416584942262832
971,1964,Europe,Lower Middle,0,0,1,0.5580804516187592
281,3188,Europe,Lower Middle,0,0,2,4.619272049389823
1700,3074,Europe,Lower Middle,1,0,1,0.3780562049343962
437,4569,Europe,Lower Middle,1,0,2,2.000416957758138
1410,4421,Europe,Lower Middle,2,0,1,1.0987320462881927
2204,2282,Europe,Lower Middle,2,0,1,2.6903576732193213
3856,3669,Europe,Lower Middle,3,0,0,1.2272928314986935
3244,4458,Europe,Lower Middle,3,0,1,0.6357183784652412
4383,2573,Europe,Lower Middle,4,0,0,0.8296187423677953
110,5760,Europe,Upper Middle,0,0,0,0.5731893539800335
430,5254,Europe,Upper Middle,0,0,0,0.44960973003470917
4858,4607,Europe,Upper Middle,0,0,0,0.5317481499377651
6733,6308,Europe,Upper Middle,0,0,0,1.0654388323526676
6793,288,Europe,Upper Middle,0,0,0,0.9863870351060929
848,5606,Europe,Upper Middle,0,0,0,0.28594317196677604
103,4533,Europe,Upper Middle,0,0,1,1.0926785189062105
1199,1413,Europe,Upper Middle,0,0,1,1.0803873041236414
1408,6292,Europe,Upper Middle,0,0,1,0.7449123944712878
1604,6372,Europe,Upper Middle,0,0,1,0.21233747743248982
277,107,Europe,Upper Middle,0,0,1,0.779913945460841
434,5560,Europe,Upper Middle,0,0,1,0.6707933925381643
5308,4496,Europe,Upper Middle,0,0,1,0.7183756640157165
5334,3900,Europe,Upper Middle,0,0,1,1.0633804502557136
5437,4191,Europe,Upper Middle,0,0,1,1.109948205902456
5536,1795,Europe,Upper Middle,0,0,1,1.4170266152872937
579,4956,Europe,Upper Middle,0,0,1,0.705632590463289
712,3855,Europe,Upper Middle,0,0,1,1.296296361936932
844,973,Europe,Upper Middle,0,0,1,1.6683906579253627
846,3356,Europe,Upper Middle,0,0,1,1.6148799779460625
968,2207,Europe,Upper Middle,0,0,1,1.7249940323985307
267,279,Europe,Upper Middle,0,0,2,0.5329988293712445
4826,6923,Europe,Upper Middle,0,0,2,2.6309193060090785
5674,5110,Europe,Upper Middle,0,0,2,0.7778267627822119
571,7388,Europe,Upper Middle,0,0,2,1.8739039436305567
590,5018,Europe,Upper Middle,0,0,2,0.8345150282014697
847,5739,Europe,Upper Middle,0,0,2,2.1577691628319493
441,5995,Europe,Upper Middle,1,0,0,1.0730896865383919
587,7689,Europe,Upper Middle,1,0,0,1.5619276568618297
97,7224,Europe,Upper Middle,1,0,0,1.8110374646107965
5821,5977,Europe,Upper Middle,1,0,1,0.8745717012377292
5861,1701,Europe,Upper Middle,1,0,1,0.7636556389630015
6508,6139,Europe,Upper Middle,1,0,1,0.6167381074996712
715,6013,Europe,Upper Middle,1,0,1,0.9618313910196566
729,5169,Europe,Upper Middle,1,0,1,0.37417404609384775
91,6853,Europe,Upper Middle,1,0,1,0.4068757493720069
101,4420,Europe,Upper Middle,1,0,2,2.4206995628867194
726,3810,Europe,Upper Middle,1,0,2,1.6836514941627834
6598,5140,Europe,Upper Middle,2,0,0,1.4604995685291502
1205,3134,Europe,Upper Middle,2,0,1,0.4966864529971541
1305,6225,Europe,Upper Middle,2,0,1,0.6586328756272157
438,3565,Europe,Upper Middle,2,0,1,0.7381863409260458
5386,974,Europe,Upper Middle,2,0,1,1.1850301637425293
5718,6324,Europe,Upper Middle,2,0,1,1.2589692731243605
5920,3717,Europe,Upper Middle,2,0,1,0.7845907506194999
6103,4268,Europe,Upper Middle,2,0,1,0.7793022782101081
6478,1968,Europe,Upper Middle,2,0,1,0.5602834181269022
576,6085,Europe,Upper Middle,2,0,2,1.5463877258966476
280,7616,Europe,Upper Middle,3,0,0,2.32689013650233
436,856,Europe,Upper Middle,3,0,0,1.061240809056021
4754,7600,Europe,Upper Middle,3,0,0,2.6823438395299712
6778,4790,Europe,Upper Middle,3,0,0,0.5340792351162125
1508,2286,Europe,Upper Middle,3,0,1,1.3758531547794088
271,4681,Europe,Upper Middle,3,0,1,1.179997381540056
285,6276,Europe,Upper Middle,3,0,1,1.5705528282322594
5781,6031,Europe,Upper Middle,3,0,1,1.3116645802682556
6121,3617,Europe,Upper Middle,3,0,1,0.8377702772057235
3944,3513,Europe,Upper Middle,3,0,2,0.5560174458486997
426,7122,Europe,Upper Middle,3,0,2,2.33578067444435
6340,5412,Europe,Upper Middle,3,0,2,1.5542534985492389
6463,7508,Europe,Upper Middle,3,0,2,2.357130267813566
717,5652,Europe,Upper Middle,3,0,2,1.7763153002377368
442,7591,Europe,Upper Middle,4,0,0,2.494578189629697
5901,7336,Europe,Upper Middle,4,0,0,1.3480585144940989
109,5958,Europe,Upper Middle,4,0,1,1.2846852050822621
1609,7018,Europe,Upper Middle,4,0,1,1.0091900843568
2576,5462,Europe,Upper Middle,4,0,1,3.3230367991079475
4382,5881,Europe,Upper Middle,4,0,1,0.3860406134842459
4644,5512,Europe,Upper Middle,4,0,1,0.9397461941818468
573,6867,Europe,Upper Middle,4,0,1,1.1374603288325793
586,6418,Europe,Upper Middle,4,0,1,1.708050900102287
7057,7358,Europe,Upper Middle,4,0,1,0.5750737437152749
724,7673,Europe,Upper Middle,4,0,1,1.555725232923428
7248,7368,Europe,Upper Middle,4,0,1,0.652615045234559
94,2956,Europe,Upper Middle,4,0,1,1.2279879706189438
4152,6448,Europe,Upper Middle,4,0,2,0.9248762587310364
4987,7418,Europe,Upper Middle,4,0,2,1.957381469830559
5080,7398,Europe,Upper Middle,4,0,2,3.7419106651873038
7174,6937,Europe,Upper Middle,4,0,2,0.32044196331479
7649,6433,Europe,Upper Middle,4,0,2,0.44457719316788
1474,2177,Latin America and the Caribbean,High income,0,1,1,1.9544224063123583
670,931,Latin America and the Caribbean,High income,1,1,2,0.7419389614439178
2992,2017,Latin America and the Caribbean,High income,2,0,1,1.090340444003565
2616,3224,Latin America and the Caribbean,High income,3,0,2,2.578775013692482
198,918,Latin America and the Caribbean,Lower Middle,1,2,2,1.6098515933963908
1259,2802,Latin America and the Caribbean,Upper Middle,0,0,2,3.4911152920908135
2674,2987,Latin America and the Caribbean,Upper Middle,0,0,2,0.7133645497009672
3163,5665,Latin America and the Caribbean,Upper Middle,0,1,0,1.7122015810543252
4367,6548,Latin America and the Caribbean,Upper Middle,0,1,0,0.9222268426963202
5477,5550,Latin America and the Caribbean,Upper Middle,0,1,0,1.112622462627235
5643,4054,Latin America and the Caribbean,Upper Middle,0,1,0,1.636693332013909
5751,6578,Latin America and the Caribbean,Upper Middle,0,1,0,2.4140497102326695
7736,5597,Latin America and the Caribbean,Upper Middle,0,1,0,2.068101663434911
4481,4592,Latin America and the Caribbean,Upper Middle,0,1,2,0.27615224991606346
5774,370,Latin America and the Caribbean,Upper Middle,0,1,2,1.148089324272034
6059,2611,Latin America and the Caribbean,Upper Middle,0,1,2,21.288676446064958
6061,6933,Latin America and the Caribbean,Upper Middle,0,1,2,0.6107618453450363
6234,2088,Latin America and the Caribbean,Upper Middle,0,2,0,2.5586314041504927
652,1371,Latin America and the Caribbean,Upper Middle,0,2,0,2.102750703986334
8286,8308,Latin America and the Caribbean,Upper Middle,0,2,0,0.7508057087584779
8328,6332,Latin America and the Caribbean,Upper Middle,0,2,0,1.932291993229894
3493,519,Latin America and the Caribbean,Upper Middle,0,2,1,1.00432697767453
5504,7827,Latin America and the Caribbean,Upper Middle,0,2,1,1.4371084644589858
6636,8118,Latin America and the Caribbean,Upper Middle,0,2,1,0.6883503421657376
3545,8184,Latin America and the Caribbean,Upper Middle,0,2,2,1.2562769520104418
360,3543,Latin America and the Caribbean,Upper Middle,0,2,2,1.5570957841728401
3600,8393,Latin America and the Caribbean,Upper Middle,0,2,2,1.4677704538015317
4739,8358,Latin America and the Caribbean,Upper Middle,0,2,2,1.3585004276419013
4880,4589,Latin America and the Caribbean,Upper Middle,0,2,2,1.5182793846852929
5245,1159,Latin America and the Caribbean,Upper Middle,0,2,2,1.8311077432429017
6185,8202,Latin America and the Caribbean,Upper Middle,0,2,2,1.4782168738337713
6380,1471,Latin America and the Caribbean,Upper Middle,0,2,2,1.8540822292072576
669,7587,Latin America and the Caribbean,Upper Middle,0,2,2,1.5672395698841792
8256,8408,Latin America and the Caribbean,Upper Middle,0,2,2,0.6191801700966646
2610,2474,Latin America and the Caribbean,Upper Middle,1,0,2,1.569389769525701
4664,4774,Latin America and the Caribbean,Upper Middle,1,0,2,1.8051206193295737
4700,3438,Latin America and the Caribbean,Upper Middle,1,1,0,0.6433547989053514
4844,4626,Latin America and the Caribbean,Upper Middle,1,1,0,0.5888659538271291
7117,5066,Latin America and the Caribbean,Upper Middle,1,1,0,2.019582450102594
7715,1927,Latin America and the Caribbean,Upper Middle,1,1,2,2.555253736335762
369,7974,Latin America and the Caribbean,Upper Middle,1,2,0,1.1195732720340827
5914,6531,Latin America and the Caribbean,Upper Middle,1,2,0,1.5355850858202942
6251,6651,Latin America and the Caribbean,Upper Middle,1,2,0,0.7452323095011992
8064,2247,Latin America and the Caribbean,Upper Middle,1,2,0,0.5106135396192327
1270,2678,Latin America and the Caribbean,Upper Middle,1,2,1,0.6841730596225639
2331,8094,Latin America and the Caribbean,Upper Middle,1,2,1,0.9626624659722486
7820,8112,Latin America and the Caribbean,Upper Middle,1,2,1,0.8407748600708144
1166,8250,Latin America and the Caribbean,Upper Middle,1,2,2,1.3450447114145723
3882,8373,Latin America and the Caribbean,Upper Middle,1,2,2,1.2936017415045917
5552,8378,Latin America and the Caribbean,Upper Middle,1,2,2,1.1832668646192197
6079,5217,Latin America and the Caribbean,Upper Middle,1,2,2,1.7349396205699426
6426,7792,Latin America and the Caribbean,Upper Middle,1,2,2,0.9532284528619108
2738,368,Latin America and the Caribbean,Upper Middle,2,0,2,1.4876376670356792
4737,4288,Latin America and the Caribbean,Upper Middle,2,1,0,0.8776348302449383
4809,5324,Latin America and the Caribbean,Upper Middle,2,1,0,0.8255924984114104
5912,2170,Latin America and the Caribbean,Upper Middle,2,1,1,2.9386820076589273
4738,1843,Latin America and the Caribbean,Upper Middle,2,1,2,7.240088402903174
6563,3791,Latin America and the Caribbean,Upper Middle,2,1,2,1.8019362206721854
7299,6728,Latin America and the Caribbean,Upper Middle,2,1,2,1.2636336672779627
1571,1473,Latin America and the Caribbean,Upper Middle,2,2,0,0.5824510225408281
2673,2742,Latin America and the Caribbean,Upper Middle,2,2,0,1.09592945249258
4913,6456,Latin America and the Caribbean,Upper Middle,2,2,0,1.5136107692160283
787,2411,Latin America and the Caribbean,Upper Middle,2,2,1,1.9057063375083694
8318,8368,Latin America and the Caribbean,Upper Middle,2,2,1,0.727118347895545
3926,8398,Latin America and the Caribbean,Upper Middle,2,2,2,1.2099179305477896
3331,2546,Latin America and the Caribbean,Upper Middle,3,0,1,0.7186005541536004
1368,2403,Latin America and the Caribbean,Upper Middle,3,0,2,1.6475099745552353
4013,357,Latin America and the Caribbean,Upper Middle,3,1,0,0.7223655986060371
4942,2410,Latin America and the Caribbean,Upper Middle,3,1,0,1.495073104205702
5813,4326,Latin America and the Caribbean,Upper Middle,3,1,0,1.4156903102883662
5931,5687,Latin America and the Caribbean,Upper Middle,3,1,0,1.1349802748847249
6848,662,Latin America and the Caribbean,Upper Middle,3,1,1,1.8492936877299726
2327,2012,Latin America and the Caribbean,Upper Middle,3,1,2,5.766492388406515
4254,6877,Latin America and the Caribbean,Upper Middle,3,1,2,0.7792937211231811
4627,1755,Latin America and the Caribbean,Upper Middle,3,1,2,4.352706675132799
651,513,Latin America and the Caribbean,Upper Middle,3,1,2,1.6859720576944106
7855,6833,Latin America and the Caribbean,Upper Middle,3,1,2,0.4318895186571749
1935,6005,Latin America and the Caribbean,Upper Middle,3,2,0,0.8335934851760566
2014,4366,Latin America and the Caribbean,Upper Middle,3,2,0,1.413025497285672
4177,6903,Latin America and the Caribbean,Upper Middle,3,2,0,1.3081119068040552
8343,8016,Latin America and the Caribbean,Upper Middle,3,2,0,1.215235644260829
2805,6931,Latin America and the Caribbean,Upper Middle,3,2,1,1.8141306427302242
6348,6681,Latin America and the Caribbean,Upper Middle,3,2,1,0.8153425535274649
6591,1749,Latin America and the Caribbean,Upper Middle,3,2,1,0.6492207794743359
6756,8124,Latin America and the Caribbean,Upper Middle,3,2,1,2.7809146231773
8009,8262,Latin America and the Caribbean,Upper Middle,3,2,1,1.0348530234978035
2015,1569,Latin America and the Caribbean,Upper Middle,3,2,2,1.706258213137564
34,3330,Latin America and the Caribbean,Upper Middle,3,2,2,1.4416979031895572
8178,3792,Latin America and the Caribbean,Upper Middle,3,2,2,2.0600960366565704
2335,507,Latin America and the Caribbean,Upper Middle,4,1,0,1.1667123737036385
4478,4212,Latin America and the Caribbean,Upper Middle,4,1,0,0.5177528170130712
5097,214,Latin America and the Caribbean,Upper Middle,4,1,0,2.4661792923516663
5853,4879,Latin America and the Caribbean,Upper Middle,4,1,0,1.558045374665246
6183,1040,Latin America and the Caribbean,Upper Middle,4,1,0,2.337389057352513
6668,7425,Latin America and the Caribbean,Upper Middle,4,1,2,1.199337392184088
2401,4773,Latin America and the Caribbean,Upper Middle,4,2,0,2.329953895507766
6696,6441,Latin America and the Caribbean,Upper Middle,4,2,0,0.9332271093435012
795,2406,Latin America and the Caribbean,Upper Middle,4,2,0,0.7976030061653897
8190,4175,Latin America and the Caribbean,Upper Middle,4,2,0,1.0550296078024548
2618,8363,Latin America and the Caribbean,Upper Middle,4,2,2,1.2473401940288762
3109,8353,Latin America and the Caribbean,Upper Middle,4,2,2,1.126353524605638
3837,8238,Latin America and the Caribbean,Upper Middle,4,2,2,1.232274702441251
4945,1268,Latin America and the Caribbean,Upper Middle,4,2,2,1.7860024069961005
6726,7365,Latin America and the Caribbean,Upper Middle,4,2,2,1.7818539363362778
8388,8154,Latin America and the Caribbean,Upper Middle,4,2,2,0.8922342328664581
5220,1296,Northern Africa and Western Asia,Lower Middle,0,1,0,1.3126901857491469
6865,4708,Northern Africa and Western Asia,Lower Middle,0,1,0,2.9061969740733704
3934,2419,Northern Africa and Western Asia,Lower Middle,1,1,0,0.6316458423789252
5410,6908,Northern Africa and Western Asia,Lower Middle,1,1,0,1.0949260731338724
2050,3812,Northern Africa and Western Asia,Lower Middle,2,1,0,0.6334106690283033
2957,3135,Northern Africa and Western Asia,Lower Middle,2,1,0,0.46516476899565207
6656,4777,Northern Africa and Western Asia,Lower Middle,2,1,0,1.4101518862498355
6806,5650,Northern Africa and Western Asia,Lower Middle,2,1,0,0.7581311204443532
4220,3796,Northern Africa and Western Asia,Lower Middle,2,1,1,0.7144877008841405
1418,3120,Northern Africa and Western Asia,Lower Middle,3,1,0,1.5746637939947743
1614,6850,Northern Africa and Western Asia,Lower Middle,3,1,0,0.4993213737870839
2577,2490,Northern Africa and Western Asia,Lower Middle,3,1,0,1.8781231692455096
3302,6155,Northern Africa and Western Asia,Lower Middle,3,1,0,1.1517806284257175
3755,5432,Northern Africa and Western Asia,Lower Middle,3,1,0,0.8272462439484503
3767,6223,Northern Africa and Western Asia,Lower Middle,3,1,0,0.9851821899875698
5460,5139,Northern Africa and Western Asia,Lower Middle,3,1,0,1.5967198184592417
5716,3989,Northern Africa and Western Asia,Lower Middle,3,1,0,1.055024782073001
5937,1772,Northern Africa and Western Asia,Lower Middle,3,1,0,1.5990193618727566
6257,6566,Northern Africa and Western Asia,Lower Middle,3,1,0,0.5013928031492291
6431,1691,Northern Africa and Western Asia,Lower Middle,3,1,0,1.2104951871224212
1209,447,Northern Africa and Western Asia,Lower Middle,4,1,0,0.6909296259389465
1399,2747,Northern Africa and Western Asia,Lower Middle,4,1,0,0.5874162191334075
291,2102,Northern Africa and Western Asia,Lower Middle,4,1,0,1.280861435489567
3191,6641,Northern Africa and Western Asia,Lower Middle,4,1,0,1.2789182274703605
3288,945,Northern Africa and Western Asia,Lower Middle,4,1,0,0.8249460414128011
3397,3845,Northern Africa and Western Asia,Lower Middle,4,1,0,1.701603578892081
3464,7042,Northern Africa and Western Asia,Lower Middle,4,1,0,1.0361970853951197
4031,5758,Northern Africa and Western Asia,Lower Middle,4,1,0,0.8909884827170282
4230,810,Northern Africa and Western Asia,Lower Middle,4,1,0,2.0848145585978144
5196,1783,Northern Africa and Western Asia,Lower Middle,4,1,0,1.2421326098119452
4189,4303,Northern Africa and Western Asia,Upper Middle,0,0,1,2.185774625943526
4566,1533,Northern Africa and Western Asia,Upper Middle,0,0,1,1.0588726967829372
1793,1610,Northern Africa and Western Asia,Upper Middle,0,1,1,1.0352679561583336
1982,1433,Northern Africa and Western Asia,Upper Middle,0,1,1,1.028256722961129
5651,6807,Northern Africa and Western Asia,Upper Middle,1,0,1,1.3292371714782336
2205,1898,Northern Africa and Western Asia,Upper Middle,1,1,0,1.3418240701220978
6012,2828,Northern Africa and Western Asia,Upper Middle,1,1,0,0.8932887412900417
112,858,Northern Africa and Western Asia,Upper Middle,2,0,0,0.6721683439297539
2126,469,Northern Africa and Western Asia,Upper Middle,3,0,1,0.9988686587656034
3615,4417,Northern Africa and Western Asia,Upper Middle,3,0,1,1.7682148055330642
4027,4455,Northern Africa and Western Asia,Upper Middle,3,0,1,0.5838051515734763
5880,5535,Northern Africa and Western Asia,Upper Middle,3,1,0,0.8683805961934798
6066,312,Northern Africa and Western Asia,Upper Middle,4,0,0,1.78800450421565
2637,2221,Northern Africa and Western Asia,Upper Middle,4,1,0,2.334524473884169
3666,258,Northern Africa and Western Asia,Upper Middle,4,1,0,1.6974525367945437
5976,2062,Northern Africa and Western Asia,Upper Middle,4,1,0,1.8716214989888484
8273,7603,Northern America,High income,0,0,0,1.3402251276426542
5128,7812,Northern America,High income,0,0,1,1.0791729751553518
7451,7805,Northern America,High income,0,0,1,0.5528642657547246
7541,8171,Northern America,High income,0,0,1,0.6124361914601092
7714,7038,Northern America,High income,0,0,1,0.7096982816462483
8022,8105,Northern America,High income,0,0,1,0.5061222166826201
8081,7051,Northern America,High income,0,0,1,0.8777540086530033
8213,7194,Northern America,High income,0,0,1,0.8106651943683817
8261,5403,Northern America,High income,0,0,1,1.29983840709233
7523,3388,Northern America,High income,0,0,2,1.1937845682603363
7635,8129,Northern America,High income,0,0,2,0.7995683184648845
7819,5325,Northern America,High income,0,0,2,0.9342989020805963
7840,2176,Northern America,High income,0,0,2,1.179812257628316
7924,3650,Northern America,High income,0,0,2,1.3135806512727046
8001,8117,Northern America,High income,0,0,2,0.3653813285104951
8057,3748,Northern America,High income,0,0,2,1.4060253402958542
8111,8153,Northern America,High income,0,0,2,0.40470343084803323
8207,8297,Northern America,High income,0,0,2,0.22840893345495292
1748,1560,Northern America,High income,0,1,0,0.3142117249170788
1836,1257,Northern America,High income,0,1,0,1.0097666738134685
3328,1361,Northern America,High income,0,1,0,0.8939433655836475
3645,4325,Northern America,High income,0,1,0,0.6736078408379351
4050,7414,Northern America,High income,0,1,0,2.093771976414141
4249,1656,Northern America,High income,0,1,0,1.4867783114823292
4363,6787,Northern America,High income,0,1,0,1.8829093929446572
5894,6802,Northern America,High income,0,1,0,2.3903488532444808
6502,7770,Northern America,High income,0,1,0,1.4131368732088176
5710,356,Northern America,High income,0,2,0,0.9067255963129579
7064,6946,Northern America,High income,0,2,0,0.4769733821634805
7077,7364,Northern America,High income,0,2,0,1.3029300707737659
5187,5854,Northern America,High income,1,0,0,0.3445980678340728
5988,6457,Northern America,High income,1,0,0,1.2894361368526137
7659,7595,Northern America,High income,1,0,0,0.690933701314656
8195,3051,Northern America,High income,1,0,0,0.8639888675675182
7469,2991,Northern America,High income,1,0,1,0.48556666484343936
7568,195,Northern America,High income,1,0,1,1.252788404223913
7683,7116,Northern America,High income,1,0,1,0.5796747398339939
7763,5503,Northern America,High income,1,0,1,1.5598680520754507
8225,508,Northern America,High income,1,0,1,1.8439645943876644
8267,7320,Northern America,High income,1,0,1,0.9158579150339766
8279,8141,Northern America,High income,1,0,1,0.6776828216364243
2479,4098,Northern America,High income,1,0,2,1.1984247662645862
4588,2806,Northern America,High income,1,0,2,0.8856326665129011
7496,3883,Northern America,High income,1,0,2,1.1262640081009174
7651,8165,Northern America,High income,1,0,2,0.5698328594343028
7987,7699,Northern America,High income,1,0,2,0.9257236648907544
8063,7667,Northern America,High income,1,0,2,1.1546039180612533
8087,3838,Northern America,High income,1,0,2,0.6176667505932922
8135,3442,Northern America,High income,1,0,2,0.9699623741295622
8189,3793,Northern America,High income,1,0,2,0.5439662234584076
8201,3927,Northern America,High income,1,0,2,0.8078741703423886
2924,784,Northern America,High income,1,1,0,0.861675770899146
3743,5644,Northern America,High income,1,1,0,0.787778356144026
7643,7404,Northern America,High income,1,1,0,1.3736187295071556
6847,912,Northern America,High income,1,1,1,1.0466608673350244
6890,7889,Northern America,High income,1,1,1,1.459308352615255
7309,7875,Northern America,High income,1,1,2,0.7285445952166268
1032,3110,Northern America,High income,2,0,0,1.619876408215143
2549,6060,Northern America,High income,2,0,0,1.2237696605634298
8147,8183,Northern America,High income,2,0,0,0.9012601506934729
8231,5551,Northern America,High income,2,0,0,1.5091814898656848
2615,3598,Northern America,High income,2,0,1,1.3685961223625125
7442,7586,Northern America,High income,2,0,1,0.5313564747748141
8008,6712,Northern America,High income,2,0,1,1.6068114473132151
650,8291,Northern America,High income,2,0,2,0.9825567980639083
7675,8249,Northern America,High income,2,0,2,1.7728851162627974
7826,2931,Northern America,High income,2,0,2,0.37540205378798747
8123,8285,Northern America,High income,2,0,2,0.785764373418723
2087,5874,Northern America,High income,2,1,0,2.332170911430787
2167,4172,Northern America,High income,2,1,0,1.4523804216142524
2325,2862,Northern America,High income,2,1,0,0.8037427529947576
6427,4401,Northern America,High income,2,1,0,3.2068437941948003
7550,5752,Northern America,High income,2,1,0,2.5057372846437267
7331,7142,Northern America,High income,2,2,0,1.0541087544642227
7342,6999,Northern America,High income,2,2,0,0.6589800965753174
7394,6918,Northern America,High income,2,2,0,0.41472234777428296
5216,8177,Northern America,High income,3,0,0,2.0386311366886622
7756,3223,Northern America,High income,3,0,0,2.617362211203073
4772,8036,Northern America,High income,3,0,1,1.9357298705333372
4974,6,Northern America,High income,3,0,1,0.5691273257590661
5688,5527,Northern America,High income,3,0,1,0.984356595545813
7721,5244,Northern America,High income,3,0,1,2.134907277292905
2255,4551,Northern America,High income,3,0,2,1.6141142439120668
4055,2743,Northern America,High income,3,0,2,1.0898132298722194
8219,2096,Northern America,High income,3,0,2,0.8769950274085359
2246,1148,Northern America,High income,3,1,0,1.262932620262391
2735,2671,Northern America,High income,3,1,0,0.4483109829017751
5666,6932,Northern America,High income,3,2,0,1.2711390405628002
6973,6986,Northern America,High income,3,2,0,1.3142450109144486
7980,5377,Northern America,High income,4,0,1,1.6801333893389814
3494,2013,Northern America,High income,4,0,2,0.8169373950121435
3383,5453,Northern America,High income,4,1,0,1.492044256078736
7012,193,Northern America,High income,4,2,0,1.1809920050432332
7168,4843,Northern America,High income,4,2,0,4.59641064922465
7243,6904,Northern America,High income,4,2,0,0.539083617187604
3361,745,Sub-Saharan Africa,Low income,0,2,0,1.1215630746171343
3415,3139,Sub-Saharan Africa,Low income,0,2,0,1.4030734441910357
455,1804,Sub-Saharan Africa,Low income,0,2,1,1.2074765112484778
984,1587,Sub-Saharan Africa,Low income,0,2,1,2.0834905520530795
2054,1948,Sub-Saharan Africa,Low income,0,2,2,2.0994413430677574
5166,1109,Sub-Saharan Africa,Low income,0,2,2,1.6279005062914198
5676,6014,Sub-Saharan Africa,Low income,1,0,2,1.476995490192366
993,6554,Sub-Saharan Africa,Low income,1,1,0,1.7051264702293762
1715,2136,Sub-Saharan Africa,Low income,1,2,0,1.0664483881347888
2293,595,Sub-Saharan Africa,Low income,1,2,1,2.495106713547642
722,1490,Sub-Saharan Africa,Low income,1,2,1,1.313435961416101
864,298,Sub-Saharan Africa,Low income,1,2,2,1.0190069615056494
6924,6494,Sub-Saharan Africa,Low income,2,0,2,1.4674598817627145
2213,305,Sub-Saharan Africa,Low income,2,1,1,2.1701627305174522
6569,5631,Sub-Saharan Africa,Low income,2,1,1,0.7194965573999752
863,5256,Sub-Saharan Africa,Low income,2,1,2,1.3647953894055844
1427,1697,Sub-Saharan Africa,Low income,2,2,0,1.5438242033989376
1890,1287,Sub-Saharan Africa,Low income,2,2,1,1.3438099064878184
2838,121,Sub-Saharan Africa,Low income,3,1,2,1.696486337641941
607,6050,Sub-Saharan Africa,Low income,3,1,2,1.569794901868397
234,678,Sub-Saharan Africa,Low income,3,2,0,0.9355415843447965
5251,1601,Sub-Saharan Africa,Low income,3,2,2,1.4305082134786342
736,6935,Sub-Saharan Africa,Low income,3,2,2,1.371142463303763
5822,6209,Sub-Saharan Africa,Low income,4,1,2,1.4900572684309061
1876,7147,Sub-Saharan Africa,Low income,4,2,0,4.185025846982591
299,40,Sub-Saharan Africa,Low income,4,2,0,1.3837909840978808
3306,1892,Sub-Saharan Africa,Low income,4,2,0,1.327577280316936
391,1487,Sub-Saharan Africa,Low income,4,2,0,1.0392504622770464
4952,820,Sub-Saharan Africa,Low income,4,2,0,2.162980598897844
1597,2513,Sub-Saharan Africa,Lower Middle,0,1,2,1.2650423366348278
2138,1191,Sub-Saharan Africa,Lower Middle,0,1,2,3.251204757022525
3250,4948,Sub-Saharan Africa,Lower Middle,0,2,0,1.35478182701609
1423,684,Sub-Saharan Africa,Lower Middle,0,2,1,1.3135652175180705
225,1491,Sub-Saharan Africa,Lower Middle,0,2,1,1.7129714807652106
3414,1486,Sub-Saharan Africa,Lower Middle,0,2,1,0.9855773708808184
1316,8359,Sub-Saharan Africa,Lower Middle,1,1,0,1.205083947544318
122,2217,Sub-Saharan Africa,Lower Middle,1,1,1,0.584570358730016
2645,1678,Sub-Saharan Africa,Lower Middle,1,2,2,1.041741089970964
2517,1978,Sub-Saharan Africa,Lower Middle,2,1,1,0.6238074793438414
1712,2442,Sub-Saharan Africa,Lower Middle,2,2,1,0.7385159303708462
2038,5817,Sub-Saharan Africa,Lower Middle,2,2,1,1.1516480702124487
3656,2877,Sub-Saharan Africa,Lower Middle,2,2,2,0.771581353056436
600,237,Sub-Saharan Africa,Lower Middle,2,2,2,1.1319265487187125
297,3079,Sub-Saharan Africa,Lower Middle,3,1,1,1.9069871309855944
3305,4449,Sub-Saharan Africa,Lower Middle,3,2,1,2.0446963890429983
4183,2748,Sub-Saharan Africa,Lower Middle,4,2,0,1.2325211646757466
7092,7588,Sub-Saharan Africa,Lower Middle,4,2,0,1.8979454652397973
7131,427,Sub-Saharan Africa,Lower Middle,4,2,0,1.436582339668555
3570,2996,Sub-Saharan Africa,Lower Middle,4,2,1,1.3101892004992945
5601,5554,Sub-Saharan Africa,Lower Middle,4,2,1,1.0215226188379196
994,3709,Sub-Saharan Africa,Lower Middle,4,2,1,2.0697471297046715
1284,7543,Sub-Saharan Africa,Lower Middle,4,2,2,3.667983861578348
2053,4634,Sub-Saharan Africa,Lower Middle,4,2,2,2.0507988328861675
2880,7716,Sub-Saharan Africa,Lower Middle,4,2,2,2.3893652952313778
4021,4259,Sub-Saharan Africa,Lower Middle,4,2,2,0.734684813819558
6474,6934,Sub-Saharan Africa,Lower Middle,4,2,2,2.1898703300927704
673,7209,Sub-Saharan Africa,Lower Middle,4,2,2,1.6896290203948248
7471,8203,Sub-Saharan Africa,Lower Middle,4,2,2,2.041570604905402
3407,114,Sub-Saharan Africa,Upper Middle,0,1,0,0.9976504139435578
4530,4190,Sub-Saharan Africa,Upper Middle,0,1,0,0.8041122081894228
4923,4824,Sub-Saharan Africa,Upper Middle,0,1,0,1.1083794039409358
5048,4890,Sub-Saharan Africa,Upper Middle,0,1,0,1.2185580190091345
1086,716,Sub-Saharan Africa,Upper Middle,1,1,0,1.9248774561118633
4418,2830,Sub-Saharan Africa,Upper Middle,1,1,0,0.6144035345337022
4751,3298,Sub-Saharan Africa,Upper Middle,1,1,0,0.848539113983569
4986,3243,Sub-Saharan Africa,Upper Middle,1,1,1,1.7195887058904762
1880,3460,Sub-Saharan Africa,Upper Middle,2,1,0,1.457807458498433
1965,2362,Sub-Saharan Africa,Upper Middle,2,1,0,1.8566953765137846
2203,575,Sub-Saharan Africa,Upper Middle,2,1,0,0.7011793256831093
2892,4342,Sub-Saharan Africa,Upper Middle,2,1,0,1.0939504001697202
3014,2639,Sub-Saharan Africa,Upper Middle,2,1,0,0.7607182389783318
3131,2767,Sub-Saharan Africa,Upper Middle,2,1,0,0.5534697226846155
4228,2703,Sub-Saharan Africa,Upper Middle,2,1,0,0.9992710245445667
3667,4266,Sub-Saharan Africa,Upper Middle,2,1,1,0.9845562535255434
3986,3353,Sub-Saharan Africa,Upper Middle,3,1,0,0.7574311662141778
4641,4380,Sub-Saharan Africa,Upper Middle,3,1,0,0.5162093215557197
4955,2954,Sub-Saharan Africa,Upper Middle,3,1,0,0.7389053679326457
4604,2045,Sub-Saharan Africa,Upper Middle,4,1,0,1.048624775600948
