model,outcome,term,estimate,std_error_cluster_city,ci95_low,ci95_high,t_stat,p_value,n_obs,n_cities,n_times,p_value_holm_within_model
dhd_duration_raw_night_contrast,raw_night_contrast,raw_day_contrast,0.0454547450550218,0.0031284046103702435,0.03932307201869612,0.05158641809134747,14.529688680404506,7.857672830531798e-48,252322,2769,1057,4.714603698319078e-47
dhd_duration_raw_night_contrast,raw_night_contrast,z_t2m_true_night_pct_rank,0.029944017355272426,0.005311464486821842,0.019533546961101617,0.04035448774944324,5.637619799504614,1.7241665408788644e-08,252322,2769,1057,6.896666163515458e-08
dhd_duration_raw_night_contrast,raw_night_contrast,z_vpd_pct,0.06547473787155626,0.011303064120657444,0.04332073219506767,0.08762874354804485,5.7926538478973,6.928280980508625e-09,252322,2769,1057,3.464140490254313e-08
dhd_duration_raw_night_contrast,raw_night_contrast,z_rzsm_pct,-0.043048141127867395,0.014140692807748751,-0.07076389903105496,-0.015332383224679842,-3.0442738353157686,0.0023324272989231833,252322,2769,1057,0.0046648545978463666
dhd_duration_raw_night_contrast,raw_night_contrast,duration_excess_capped,0.010121206827589803,0.0020781987541399942,0.006047937269475414,0.014194476385704192,4.870182318908274,1.1149532394842689e-06,252322,2769,1057,3.3448597184528066e-06
dhd_duration_raw_night_contrast,raw_night_contrast,duration_x_storage,0.005554443071518809,0.0019049515213490356,0.0018207380896746997,0.009288148053362918,2.9157923491855064,0.0035478654326215947,252322,2769,1057,0.0046648545978463666
dhd_duration_night_anomaly_contrast,night_anomaly_contrast,day_anomaly_contrast,0.021959513609425333,0.002597665776019123,0.016868088688427853,0.027050938530422813,8.453556193467621,2.8256184985233805e-17,252322,2769,1057,1.6953710991140283e-16
dhd_duration_night_anomaly_contrast,night_anomaly_contrast,z_t2m_true_night_pct_rank,-0.01983194063004737,0.003301537385792923,-0.0263029539062015,-0.013360927353893243,-6.006880526444312,1.891267731689647e-09,252322,2769,1057,7.565070926758588e-09
dhd_duration_night_anomaly_contrast,night_anomaly_contrast,z_vpd_pct,0.08910719000009812,0.010955212297552643,0.06763497389689493,0.1105794061033013,8.133771174841073,4.161377138587251e-16,252322,2769,1057,2.0806885692936257e-15
dhd_duration_night_anomaly_contrast,night_anomaly_contrast,z_rzsm_pct,-0.049354878803628585,0.013493466821188098,-0.07580207377315726,-0.022907683834099916,-3.657687046454893,0.0002545015236586971,252322,2769,1057,0.0007635045709760913
dhd_duration_night_anomaly_contrast,night_anomaly_contrast,duration_excess_capped,0.0010711054890924034,0.0018074159517157125,-0.002471429776270393,0.0046136407544552,0.5926170387484093,0.5534374734913832,252322,2769,1057,0.5678184246575264
dhd_duration_night_anomaly_contrast,night_anomaly_contrast,duration_x_storage,-0.0016800587963441591,0.0015678348910586936,-0.004753015182819198,0.0013928975901308803,-1.0715789053588962,0.2839092123287632,252322,2769,1057,0.5678184246575264
dhd_duration_differential_decay_1e4_h,differential_decay_1e4_h,z_t2m_true_night_pct_rank,0.3146680460749043,0.029878280589128503,0.2561066161202124,0.37322947602959616,10.531665138368078,6.173267057880995e-26,252322,2769,1057,3.0866335289404977e-25
dhd_duration_differential_decay_1e4_h,differential_decay_1e4_h,z_vpd_pct,-0.2496081027849103,0.04894307963885788,-0.34553653887707175,-0.15367966669274885,-5.099967240041356,3.3971227366172363e-07,252322,2769,1057,3.3971227366172363e-07
dhd_duration_differential_decay_1e4_h,differential_decay_1e4_h,z_rzsm_pct,0.48688093010889116,0.06281309798105908,0.3637672580660154,0.6099946021517669,7.7512643980035385,9.098202454026927e-15,252322,2769,1057,3.639280981610771e-14
dhd_duration_differential_decay_1e4_h,differential_decay_1e4_h,duration_excess_capped,-0.07177236497331589,0.01013058823599155,-0.09162831791585933,-0.05191641203077245,-7.084718409373889,1.3932731252715646e-12,252322,2769,1057,4.179819375814694e-12
dhd_duration_differential_decay_1e4_h,differential_decay_1e4_h,duration_x_storage,-0.05190662643377864,0.009438820876822669,-0.07040671535235107,-0.03340653751520621,-5.499270206645943,3.813663480397261e-08,252322,2769,1057,7.627326960794523e-08
dhd_duration_inversion_0p0,inversion_0p0,z_t2m_true_night_pct_rank,-0.003628928479311678,0.0014276443385110975,-0.006427111382793429,-0.0008307455758299271,-2.541899534373049,0.011025185888334697,257924,2769,1058,0.011025185888334697
dhd_duration_inversion_0p0,inversion_0p0,z_vpd_pct,0.03337647900689761,0.004676400313583232,0.024210734392274474,0.04254222362152074,7.137215971428097,9.524014495723122e-13,257924,2769,1058,4.762007247861561e-12
dhd_duration_inversion_0p0,inversion_0p0,z_rzsm_pct,-0.037189598584661844,0.005991222070003553,-0.04893239384186881,-0.02544680332745488,-6.20734770805112,5.388628553087407e-10,257924,2769,1058,2.1554514212349626e-09
dhd_duration_inversion_0p0,inversion_0p0,duration_excess_capped,0.005408576550611547,0.0008733669791622083,0.0036967772714536183,0.007120375829769475,6.192788002816196,5.910920829480879e-10,257924,2769,1058,2.1554514212349626e-09
dhd_duration_inversion_0p0,inversion_0p0,duration_x_storage,0.004033609009571171,0.0007939051324966612,0.0024775549498777145,0.005589663069264627,5.080719149511398,3.7600867762691636e-07,257924,2769,1058,7.520173552538327e-07
dhd_duration_inversion_0p1,inversion_0p1,z_t2m_true_night_pct_rank,0.0023186930647476306,0.0012850796292356863,-0.0002000630085543147,0.004837449138049576,1.8043185900679914,0.07118137712800074,257924,2769,1058,0.07118137712800074
dhd_duration_inversion_0p1,inversion_0p1,z_vpd_pct,0.03432438769552273,0.004298602839084345,0.02589912613091741,0.042749649260128045,7.985010241800855,1.4051063931476478e-15,257924,2769,1058,7.025531965738239e-15
dhd_duration_inversion_0p1,inversion_0p1,z_rzsm_pct,-0.03948461742582186,0.005657335922563124,-0.05057299583404558,-0.028396239017598135,-6.979365900537311,2.9651530063374235e-12,257924,2769,1058,1.1860612025349694e-11
dhd_duration_inversion_0p1,inversion_0p1,duration_excess_capped,0.0037780100183613273,0.000797456755166354,0.0022149947782352736,0.005341025258487381,4.737573534721908,2.1629238322274814e-06,257924,2769,1058,4.325847664454963e-06
dhd_duration_inversion_0p1,inversion_0p1,duration_x_storage,0.004034184461046289,0.0006924808409573993,0.002676922012769787,0.005391446909322792,5.825698304474056,5.687427987539512e-09,257924,2769,1058,1.706228396261854e-08
dhd_duration_inversion_0p25,inversion_0p25,z_t2m_true_night_pct_rank,0.006377130320142633,0.0010961076731620715,0.004228759280744973,0.008525501359540293,5.817977992751178,5.9563741448591385e-09,257924,2769,1058,1.1912748289718277e-08
dhd_duration_inversion_0p25,inversion_0p25,z_vpd_pct,0.024884241702108637,0.0037213289092408383,0.017590437039996593,0.03217804636422068,6.686923491314046,2.2791095176377016e-11,257924,2769,1058,9.116438070550806e-11
dhd_duration_inversion_0p25,inversion_0p25,z_rzsm_pct,-0.041008947899957966,0.004906989372592605,-0.05062664707023947,-0.03139124872967646,-8.357252234742647,6.41959455731271e-17,257924,2769,1058,3.209797278656355e-16
dhd_duration_inversion_0p25,inversion_0p25,duration_excess_capped,0.002961789657510949,0.0006783405299245218,0.0016322422188588864,0.004291337096163012,4.366228357076798,1.264103230304858e-05,257924,2769,1058,1.264103230304858e-05
dhd_duration_inversion_0p25,inversion_0p25,duration_x_storage,0.0036051753074979142,0.0005518539410084487,0.002523541583121355,0.004686809031874474,6.53284327535992,6.453266438931512e-11,257924,2769,1058,1.9359799316794538e-10
dhd_duration_inversion_0p5,inversion_0p5,z_t2m_true_night_pct_rank,0.006737378470755969,0.0008396381329727336,0.005091687730129411,0.008383069211382528,8.024145410002191,1.0223514531593807e-15,257924,2769,1058,4.089405812637523e-15
dhd_duration_inversion_0p5,inversion_0p5,z_vpd_pct,0.015508527348748516,0.002755654074362083,0.010107445362998832,0.0209096093344982,5.62789338946277,1.824237743128524e-08,257924,2769,1058,5.472713229385573e-08
dhd_duration_inversion_0p5,inversion_0p5,z_rzsm_pct,-0.031021517928150485,0.0037128173159518872,-0.03829863986741618,-0.023744395988884788,-8.355250282546484,6.529412285567173e-17,257924,2769,1058,3.264706142783586e-16
dhd_duration_inversion_0p5,inversion_0p5,duration_excess_capped,0.0018652542986577912,0.0005038651795716428,0.0008776785466973714,0.002852830050618211,3.701891645387211,0.00021399801153402457,257924,2769,1058,0.00021399801153402457
dhd_duration_inversion_0p5,inversion_0p5,duration_x_storage,0.001969882707124645,0.0004167612048054894,0.0011530307457058857,0.002786734668543404,4.726646061127565,2.2825862032022727e-06,257924,2769,1058,4.5651724064045455e-06
post_dhd_memory_raw_night_contrast,raw_night_contrast,raw_day_contrast,0.042040436598097496,0.002115334677081326,0.0378943806310181,0.046186492565176894,19.874130109805417,6.815764170514828e-88,2307336,2769,1057,7.497340587566312e-87
post_dhd_memory_raw_night_contrast,raw_night_contrast,z_t2m_true_night_pct_rank,0.021898564997195873,0.004808215040771393,0.012474463517283945,0.031322666477107804,4.5544063257375935,5.253372749671671e-06,2307336,2769,1057,2.6266863748358355e-05
post_dhd_memory_raw_night_contrast,raw_night_contrast,z_vpd_pct,0.03177024974279325,0.0017820274012861524,0.02827747603627239,0.03526302344931411,17.828148837590003,4.27337674330941e-71,2307336,2769,1057,4.2733767433094105e-70
post_dhd_memory_raw_night_contrast,raw_night_contrast,z_rzsm_pct,-0.03891263045917621,0.0016493942554555582,-0.0421454431998691,-0.03567981771848332,-23.592073472105458,4.6483405032080895e-123,2307336,2769,1057,5.578008603849707e-122
post_dhd_memory_raw_night_contrast,raw_night_contrast,post_dhd_lag1,-0.040076728732479694,0.004142538710735469,-0.04819610460552121,-0.031957352859438175,-9.674436747837763,3.8721794401714545e-22,2307336,2769,1057,3.484961496154309e-21
post_dhd_memory_raw_night_contrast,raw_night_contrast,post_dhd_lag2,-0.02856007398334679,0.004123735397654006,-0.036642595362748644,-0.02047755260394494,-6.92577753645266,4.335873778831526e-12,2307336,2769,1057,3.035111645182068e-11
post_dhd_memory_raw_night_contrast,raw_night_contrast,post_dhd_lag3,-0.027973264600481572,0.004255844187264028,-0.03631471920751907,-0.019631809993444077,-6.572906189609554,4.934254853492445e-11,2307336,2769,1057,2.9605529120954673e-10
post_dhd_memory_raw_night_contrast,raw_night_contrast,post_dhd_lag4,-0.032430704593412275,0.004496046617252196,-0.04124295596322658,-0.02361845322359797,-7.2131602170158615,5.466802778674829e-13,2307336,2769,1057,4.373442222939863e-12
post_dhd_memory_raw_night_contrast,raw_night_contrast,post_dhd_lag1_x_storage,0.003134076566728079,0.003782842196599917,-0.0042802941386077585,0.010548447272063916,0.8284978341272179,0.4073886210208941,2307336,2769,1057,1.0
post_dhd_memory_raw_night_contrast,raw_night_contrast,post_dhd_lag2_x_storage,0.0008776021808864649,0.003824756946706312,-0.006618921434657908,0.008374125796430838,0.22945305887795345,0.8185168009487489,2307336,2769,1057,1.0
post_dhd_memory_raw_night_contrast,raw_night_contrast,post_dhd_lag3_x_storage,-0.0034108471692977723,0.003871279844330035,-0.010998555664184641,0.004176861325589096,-0.881064481632186,0.37828292022342647,2307336,2769,1057,1.0
post_dhd_memory_raw_night_contrast,raw_night_contrast,post_dhd_lag4_x_storage,-0.006540167930402842,0.0042051734732501105,-0.014782307937973058,0.0017019720771673753,-1.5552670946884986,0.11988247071104824,2307336,2769,1057,0.47952988284419296
post_dhd_memory_night_anomaly_contrast,night_anomaly_contrast,day_anomaly_contrast,0.021400105432278594,0.0010957476076390907,0.019252440121305975,0.023547770743251213,19.530141141158854,6.087097159636815e-85,2307336,2769,1057,6.0870971596368155e-84
post_dhd_memory_night_anomaly_contrast,night_anomaly_contrast,z_t2m_true_night_pct_rank,-0.024600619036237892,0.0015131902992910253,-0.0275664720228483,-0.021634766049627482,-16.257452250231854,1.9779333198248414e-59,2307336,2769,1057,1.780139987842357e-58
post_dhd_memory_night_anomaly_contrast,night_anomaly_contrast,z_vpd_pct,0.037901317855237475,0.001767506082546541,0.03443700593344626,0.04136562977702869,21.44338751051482,5.2639135770572854e-102,2307336,2769,1057,5.790304934763014e-101
post_dhd_memory_night_anomaly_contrast,night_anomaly_contrast,z_rzsm_pct,-0.037425590883549034,0.0016264278668923755,-0.04061338950265809,-0.03423779226443998,-23.010913453578677,3.624611863648264e-117,2307336,2769,1057,4.3495342363779167e-116
post_dhd_memory_night_anomaly_contrast,night_anomaly_contrast,post_dhd_lag1,-0.037881652678553965,0.003896339695115459,-0.045518478480980264,-0.030244826876127666,-9.722369106072367,2.4208235390244224e-22,2307336,2769,1057,1.936658831219538e-21
post_dhd_memory_night_anomaly_contrast,night_anomaly_contrast,post_dhd_lag2,-0.02095743881431595,0.0038705690544367515,-0.028543754161011983,-0.013371123467619917,-5.4145626959666,6.143867354109522e-08,2307336,2769,1057,3.686320412465713e-07
post_dhd_memory_night_anomaly_contrast,night_anomaly_contrast,post_dhd_lag3,-0.020999085902015144,0.004047379503046704,-0.028931949727986683,-0.013066222076043603,-5.1883165110185185,2.1220370960503848e-07,2307336,2769,1057,1.0610185480251925e-06
post_dhd_memory_night_anomaly_contrast,night_anomaly_contrast,post_dhd_lag4,-0.02352509445768582,0.004160103221943352,-0.03167889677269479,-0.015371292142676851,-5.6549304674936165,1.5590937655663005e-08,2307336,2769,1057,1.0913656358964103e-07
post_dhd_memory_night_anomaly_contrast,night_anomaly_contrast,post_dhd_lag1_x_storage,0.0002485128027491248,0.00342400231417009,-0.006462531733024251,0.006959557338522502,0.07257962464589028,0.9421406411268745,2307336,2769,1057,1.0
post_dhd_memory_night_anomaly_contrast,night_anomaly_contrast,post_dhd_lag2_x_storage,-0.0003491960539179742,0.0034113831511467805,-0.007035507030165663,0.006337114922329716,-0.10236201518454105,0.9184693327469248,2307336,2769,1057,1.0
post_dhd_memory_night_anomaly_contrast,night_anomaly_contrast,post_dhd_lag3_x_storage,-0.00191502168679493,0.0035514853085416116,-0.008875932891536488,0.005045889517946629,-0.5392171219712346,0.5897370473894746,2307336,2769,1057,1.0
post_dhd_memory_night_anomaly_contrast,night_anomaly_contrast,post_dhd_lag4_x_storage,-0.003524388880035448,0.0038834926077492633,-0.011136034391224004,0.004087256631153108,-0.9075307296846024,0.36412620674778334,2307336,2769,1057,1.0
post_dhd_memory_differential_decay_1e4_h,differential_decay_1e4_h,z_t2m_true_night_pct_rank,0.4245374216799446,0.029707145784900985,0.3663114159415387,0.48276342741835054,14.2907509443644,2.4990011239508726e-46,2307336,2769,1057,2.2491010115557854e-45
post_dhd_memory_differential_decay_1e4_h,differential_decay_1e4_h,z_vpd_pct,-0.14715356918774525,0.0077669912962617035,-0.1623768721284182,-0.1319302662470723,-18.946019581426736,4.762755974817279e-80,2307336,2769,1057,4.762755974817279e-79
post_dhd_memory_differential_decay_1e4_h,differential_decay_1e4_h,z_rzsm_pct,0.244589130388698,0.008480365256347423,0.22796761448625705,0.26121064629113894,28.84181553449326,6.417920735477347e-183,2307336,2769,1057,7.059712809025082e-182
post_dhd_memory_differential_decay_1e4_h,differential_decay_1e4_h,post_dhd_lag1,0.09311956350465474,0.018694763642600802,0.05647782676515717,0.1297613002441523,4.981050591752761,6.324000264459326e-07,2307336,2769,1057,3.7944001586755956e-06
post_dhd_memory_differential_decay_1e4_h,differential_decay_1e4_h,post_dhd_lag2,0.08281084169204701,0.01924783147943411,0.045085091992356156,0.12053659139173786,4.302346567223877,1.6899869600525762e-05,2307336,2769,1057,8.449934800262881e-05
post_dhd_memory_differential_decay_1e4_h,differential_decay_1e4_h,post_dhd_lag3,0.13133459219738589,0.01944889615928016,0.09321475572519677,0.169454428669575,6.7528044327965,1.4501435501517107e-11,2307336,2769,1057,1.1601148401213686e-10
post_dhd_memory_differential_decay_1e4_h,differential_decay_1e4_h,post_dhd_lag4,0.13098083249864342,0.020503411095042865,0.09079414675235942,0.17116751824492743,6.388245930956865,1.6779932693118362e-10,2307336,2769,1057,1.1745952885182854e-09
post_dhd_memory_differential_decay_1e4_h,differential_decay_1e4_h,post_dhd_lag1_x_storage,0.00019689191479107238,0.017881894986163317,-0.03485162225808903,0.035245406087671176,0.011010685105992611,0.9912149218605228,2307336,2769,1057,0.9912149218605228
post_dhd_memory_differential_decay_1e4_h,differential_decay_1e4_h,post_dhd_lag2_x_storage,0.04418767115253917,0.017841404718634712,0.009218517904015129,0.0791568244010632,2.476692382096277,0.013260613823245473,2307336,2769,1057,0.026521227646490945
post_dhd_memory_differential_decay_1e4_h,differential_decay_1e4_h,post_dhd_lag3_x_storage,0.07946227282693653,0.019370717594218288,0.041495666342268686,0.11742887931160438,4.10218529284915,4.0926630908140314e-05,2307336,2769,1057,0.00016370652363256126
post_dhd_memory_differential_decay_1e4_h,differential_decay_1e4_h,post_dhd_lag4_x_storage,0.06528811156160706,0.020040126982176238,0.02600946267654164,0.10456676044667249,3.2578691552041836,0.001122521510331397,2307336,2769,1057,0.003367564530994191
post_dhd_memory_inversion_0p0,inversion_0p0,z_t2m_true_night_pct_rank,-0.007274547464744959,0.0005543407597917883,-0.008361055353936863,-0.006188039575553054,-13.122880351568044,2.4350096762701092e-39,2403557,2769,1058,2.1915087086430982e-38
post_dhd_memory_inversion_0p0,inversion_0p0,z_vpd_pct,0.017147799114733246,0.0005939302935880095,0.015983695739300748,0.018311902490165743,28.871736801201333,2.7037196766499025e-183,2403557,2769,1058,2.974091644314893e-182
post_dhd_memory_inversion_0p0,inversion_0p0,z_rzsm_pct,-0.01658900243973853,0.000667493949934917,-0.017897290581610967,-0.015280714297866092,-24.852663370740686,2.419995146100829e-136,2403557,2769,1058,2.419995146100829e-135
post_dhd_memory_inversion_0p0,inversion_0p0,post_dhd_lag1,-0.0006013495905860749,0.0014140395804982183,-0.003372867168362583,0.002170167987190433,-0.4252706917681875,0.6706393561957402,2403557,2769,1058,1.0
post_dhd_memory_inversion_0p0,inversion_0p0,post_dhd_lag2,0.0017414409177212902,0.0014307614738843092,-0.0010628515710919557,0.004545733406534536,1.2171427240024373,0.22354991771683208,2403557,2769,1058,0.8941996708673283
post_dhd_memory_inversion_0p0,inversion_0p0,post_dhd_lag3,0.0003834904134216413,0.0014606181451971125,-0.0024793211511646993,0.003246301978007982,0.2625535049544991,0.7928947406523704,2403557,2769,1058,1.0
post_dhd_memory_inversion_0p0,inversion_0p0,post_dhd_lag4,0.0007796768955970065,0.0015509936108505087,-0.002260270581669991,0.0038196243728640033,0.5026951047009536,0.615178651967432,2403557,2769,1058,1.0
post_dhd_memory_inversion_0p0,inversion_0p0,post_dhd_lag1_x_storage,0.009687232321126749,0.0014817507879740215,0.006783000776697667,0.01259146386555583,6.5376933825505,6.247483834814106e-11,2403557,2769,1058,4.997987067851284e-10
post_dhd_memory_inversion_0p0,inversion_0p0,post_dhd_lag2_x_storage,0.007636938030213539,0.00147105073902308,0.004753678581728303,0.010520197478698777,5.191485125309278,2.0862325719553502e-07,2403557,2769,1058,1.4603628003687452e-06
post_dhd_memory_inversion_0p0,inversion_0p0,post_dhd_lag3_x_storage,0.007078640594661297,0.0014773032838423605,0.004183126158330271,0.009974155030992323,4.791596060255317,1.6545976778129136e-06,2403557,2769,1058,9.927586066877481e-06
post_dhd_memory_inversion_0p0,inversion_0p0,post_dhd_lag4_x_storage,0.007454317765583889,0.0015712142885221387,0.004374737760080497,0.010533897771087281,4.744303701944635,2.092247536518446e-06,2403557,2769,1058,1.0461237682592231e-05
post_dhd_memory_inversion_0p1,inversion_0p1,z_t2m_true_night_pct_rank,-0.0017929865640127004,0.0005144643062574552,-0.002801336604277313,-0.0007846365237480881,-3.4851525017469913,0.0004918566290056649,2403557,2769,1058,0.002951139774033989
post_dhd_memory_inversion_0p1,inversion_0p1,z_vpd_pct,0.011999050959515532,0.0005268950266297197,0.010966336707321282,0.013031765211709782,22.773133837051713,8.467044059263388e-115,2403557,2769,1058,8.467044059263388e-114
post_dhd_memory_inversion_0p1,inversion_0p1,z_rzsm_pct,-0.01505665852777627,0.0005807743583689177,-0.016194976270179347,-0.013918340785373191,-25.925143406920224,3.467994382727489e-148,2403557,2769,1058,3.814793821000238e-147
post_dhd_memory_inversion_0p1,inversion_0p1,post_dhd_lag1,0.0025465882912874627,0.0012675509739385558,6.218838236789334e-05,0.005030988200207032,2.009061839441976,0.04453057598654314,2403557,2769,1058,0.13359172795962942
post_dhd_memory_inversion_0p1,inversion_0p1,post_dhd_lag2,0.0028612980141863482,0.0012913647102534194,0.00033022318208964646,0.00539237284628305,2.2157164366252835,0.026710928495140424,2403557,2769,1058,0.1068437139805617
post_dhd_memory_inversion_0p1,inversion_0p1,post_dhd_lag3,0.0019266753594062997,0.0013398118233135885,-0.0006993558142883336,0.004552706533100933,1.4380193739754403,0.15042855713862394,2403557,2769,1058,0.3008571142772479
post_dhd_memory_inversion_0p1,inversion_0p1,post_dhd_lag4,0.001882926834038544,0.0014180289223235524,-0.0008964098537156185,0.004662263521792706,1.327847975733259,0.18422833416671716,2403557,2769,1058,0.3008571142772479
post_dhd_memory_inversion_0p1,inversion_0p1,post_dhd_lag1_x_storage,0.00797980963129757,0.0012937953528199477,0.005443970739770473,0.010515648522824668,6.167752584599127,6.926741231388704e-10,2403557,2769,1058,6.234067108249834e-09
post_dhd_memory_inversion_0p1,inversion_0p1,post_dhd_lag2_x_storage,0.005903647137633914,0.0013212578127921887,0.0033139818245612246,0.008493312450706603,4.468202254303307,7.887970813792934e-06,2403557,2769,1058,6.310376651034347e-05
post_dhd_memory_inversion_0p1,inversion_0p1,post_dhd_lag3_x_storage,0.005075219086228346,0.001327355766851695,0.002473601783199024,0.007676836389257669,3.823555984742558,0.00013154070665067908,2403557,2769,1058,0.0009207849465547536
post_dhd_memory_inversion_0p1,inversion_0p1,post_dhd_lag4_x_storage,0.003314657156640785,0.0013793253102602555,0.0006111795485306843,0.0060181347647508855,2.4031003650729534,0.01625672498141163,2403557,2769,1058,0.08128362490705815
post_dhd_memory_inversion_0p25,inversion_0p25,z_t2m_true_night_pct_rank,0.002787844250923477,0.0005053662666471278,0.0017973263682951066,0.003778362133551848,5.51648266794604,3.45851580181007e-08,2403557,2769,1058,2.766812641448056e-07
post_dhd_memory_inversion_0p25,inversion_0p25,z_vpd_pct,0.006112347674637615,0.0004129108870645931,0.005303042335991012,0.006921653013284217,14.803067359377808,1.3995204067482634e-49,2403557,2769,1058,1.3995204067482635e-48
post_dhd_memory_inversion_0p25,inversion_0p25,z_rzsm_pct,-0.011352318401278006,0.00045513024212670447,-0.012244373675846347,-0.010460263126709664,-24.943010484716623,2.5428507991441978e-137,2403557,2769,1058,2.7971358790586176e-136
post_dhd_memory_inversion_0p25,inversion_0p25,post_dhd_lag1,0.0042106066333396875,0.0010611193093339813,0.002130812787045084,0.00629040047963429,3.9680803056750547,7.245392052637785e-05,2403557,2769,1058,0.0005071774436846449
post_dhd_memory_inversion_0p25,inversion_0p25,post_dhd_lag2,0.0027762310600312726,0.0010888683095327946,0.0006420491733469952,0.00491041294671555,2.549648139932075,0.010783168803453529,2403557,2769,1058,0.043132675213814115
post_dhd_memory_inversion_0p25,inversion_0p25,post_dhd_lag3,0.00302066145083099,0.0011265478464591325,0.0008126276717710904,0.0052286952298908895,2.6813432383944202,0.0073327261240936905,2403557,2769,1058,0.03666363062046845
post_dhd_memory_inversion_0p25,inversion_0p25,post_dhd_lag4,0.0021377385467590644,0.001162461616361415,-0.0001406862213093091,0.004416163314827437,1.838975598566715,0.06591877520981766,2403557,2769,1058,0.13183755041963532
post_dhd_memory_inversion_0p25,inversion_0p25,post_dhd_lag1_x_storage,0.006138840200164739,0.0010408039930195484,0.004098864373846425,0.008178816026483054,5.898171261194844,3.6755237513857787e-09,2403557,2769,1058,3.307971376247201e-08
post_dhd_memory_inversion_0p25,inversion_0p25,post_dhd_lag2_x_storage,0.004021524022304416,0.0010538934070228165,0.0019558929445396963,0.0060871551000691365,3.815873593578095,0.00013570196559407926,2403557,2769,1058,0.0008142117935644755
post_dhd_memory_inversion_0p25,inversion_0p25,post_dhd_lag3_x_storage,0.002499926618341832,0.0010573247377051247,0.0004275701324397878,0.0045722831042438765,2.3643886586516545,0.018059855026904745,2403557,2769,1058,0.05417956508071424
post_dhd_memory_inversion_0p25,inversion_0p25,post_dhd_lag4_x_storage,0.0014328892176991984,0.0010859427006543008,-0.0006955584755832312,0.003561336910981628,1.3194887877931827,0.1870057560870906,2403557,2769,1058,0.1870057560870906
post_dhd_memory_inversion_0p5,inversion_0p5,z_t2m_true_night_pct_rank,0.003087215580723361,0.0004002444686202624,0.0023027364222276466,0.003871694739219075,7.713324787137534,1.2258160551334998e-14,2403557,2769,1058,1.2258160551334999e-13
post_dhd_memory_inversion_0p5,inversion_0p5,z_vpd_pct,0.0011557449177002532,0.0002664085766238033,0.0006335841075175987,0.0016779057278829077,4.338242155515457,1.4362685662674935e-05,2403557,2769,1058,0.00010053879963872454
post_dhd_memory_inversion_0p5,inversion_0p5,z_rzsm_pct,-0.006438252230428394,0.0002944530400369575,-0.007015380188900831,-0.0058611242719559566,-21.865123992675752,5.581352798257941e-106,2403557,2769,1058,6.139488078083735e-105
post_dhd_memory_inversion_0p5,inversion_0p5,post_dhd_lag1,0.003502901625529489,0.0007417726688462405,0.0020490271945908575,0.0049567760564681205,4.722338490818126,2.331482226403428e-06,2403557,2769,1058,2.098334003763085e-05
post_dhd_memory_inversion_0p5,inversion_0p5,post_dhd_lag2,0.00224466027262032,0.0007950514755703548,0.0006863593805024246,0.003802961164738215,2.8232892354674815,0.004753366773634444,2403557,2769,1058,0.028520200641806666
post_dhd_memory_inversion_0p5,inversion_0p5,post_dhd_lag3,0.0020027424302061893,0.0008031041155699466,0.000428658363689094,0.003576826496723285,2.493751920054455,0.012640085293765523,2403557,2769,1058,0.06320042646882762
post_dhd_memory_inversion_0p5,inversion_0p5,post_dhd_lag4,0.0012766934920127248,0.0008542394795488992,-0.0003976158879031176,0.002951002871928567,1.494538150691551,0.13503501811458607,2403557,2769,1058,0.5401400724583443
post_dhd_memory_inversion_0p5,inversion_0p5,post_dhd_lag1_x_storage,0.003156499383698706,0.0007082255542369174,0.001768377297394348,0.004544621470003065,4.456912582178284,8.314848973554125e-06,2403557,2769,1058,6.6518791788433e-05
post_dhd_memory_inversion_0p5,inversion_0p5,post_dhd_lag2_x_storage,0.0009715087209620648,0.0007341925849712142,-0.00046750874558151487,0.0024105261875056443,1.323234177038379,0.18575751360371337,2403557,2769,1058,0.5572725408111401
post_dhd_memory_inversion_0p5,inversion_0p5,post_dhd_lag3_x_storage,0.0005384678882699471,0.0007035528500510475,-0.0008404956978301061,0.0019174314743700004,0.7653552796081738,0.44406001493968633,2403557,2769,1058,0.8881200298793727
post_dhd_memory_inversion_0p5,inversion_0p5,post_dhd_lag4_x_storage,0.0001938104124937944,0.0007689778358948532,-0.001313386145860118,0.0017010069708477066,0.25203640917460096,0.801012921527538,2403557,2769,1058,0.8881200298793727
